ID,Form,Meaning,Parameter_ID
5fddd06e-b4f1-447f-9204-ea825d139931,introduction,,
d277a2b5-d8cc-407f-9ca7-d25c7513209e,ttoen,story,
fa1a7ce6-7608-43bc-8889-8cc978490658,a,NOM,
caec8a38-7496-429d-8107-e3810b3e741b,ngas~nges,INFdo,
87be80fd-f335-4347-afa7-055cd479706f,att==a,ABL==NOM,
att-abl,=att,ABL,
a-nom,=a,NOM,
c72844c0-37b5-415f-88c8-4ad4aa4e95ea,gänya,here,
n-cop-prs-sg,=n,COP.PRS.SG,
94477476-ba06-4c09-8b73-703aa2db70db,llamda,old_man,
bc71c7ea-2d49-43e8-ae1b-c97634d6141e,Kurupel,male_personal_name,
ee0a315b-3467-43ba-b5b4-6ee2dd65dfd4,bäne,3SG.ABL.POSS,
a23fe320-02fa-435f-a64e-ddf3c0fbbf3e,pazi,year,
80290323-ab05-42e8-abae-1b909638aad8,da,NOM,
01bd9497-43d4-481e-a3b8-bac1cc3cc6d5,nineteen,loanword,
24578e4b-9378-4023-bb30-5ecc4f7c4c5d,forty,loanword,
01744412-fc75-4dc2-82a0-cb1720ee3a49,diba,that,
4b17546a-3177-4ab2-b031-2ef726d56c50,ngata,spot,
51fc298e-458b-4951-8d5e-4c5bb357f384,me,LOC,
0c355c58-79a6-42f1-8041-eb2ac4817959,ttongo,a,
bf2e5f0a-c963-4467-a2bc-3b76a101978c,lla,man,
90616d2c-4a35-439b-9760-ca1a4e9c9dc7,kuddäll,die,
2bc4866b-71ee-477e-a924-dbc5d4c61ca4,g-o-g-on,REM.INTR-RT.EXT.INTR-AUX.NPRS-REM|FUT.3SG`S|A,
547a8cba-e693-4b34-a59d-c543a08738d2,Malläm,toponym,
d2d3a4fe-a106-4269-bc18-c8af7a95d082,ttängäm,village,
72d73d0b-76b5-40a7-ad56-456d0a006567,obo,3SG.POSS,
f9267b96-0e61-4ec1-acae-ad89b83f89a5,bin,name,
6dfa8218-b7db-4c03-af5c-2737d9b0c414,Galo,male_personal_name,
f5eddd10-868c-48f9-ab47-ce579d3591f3,baba,father,
c079d495-ccb8-4112-bcfe-827eb0161cfb,da,MED.DEM,
eya-cop-pst-sg,=eya,COP.PST.SG,
b629666c-0109-4cb4-bb04-28df7308187a,Baewa,male_personal_name,
495a041d-f397-4eb8-80b8-3e196a46fbe4,Erme,male_personal_name,
34ad0558-0aa1-4f46-ac9f-67e8ccf0577b,a,and,
dcde3a5f-18c6-4e6b-9c1f-b6d3b343474b,Zakai,male_personal_name,
d0dddcbb-c140-4327-92d6-3ceab9ed2bc2,Yawen,female_personal_name,
ang-atr,=ang,ATR,
08892a56-bebf-4a5d-83de-e4f6fb6649e5,tämamae,all,
cacd8e88-4c09-4c2e-8c03-d76c95fba54d,lla,person,
a437ad9f-cc22-4a60-8d0e-bf990f334bf4,Limoll,toponym,
7ea67222-4c84-4a03-99a0-c796dc359f30,g-o-bäll-n-än,REM.INTR-RT.EXT.INTR-go-DUR-REM|FUT.3SG`S|A,
3511fb6d-5b30-454d-bd27-28fb0c0b63b8,ade,also,
fad4375c-5615-492e-b36c-3975cceaee9e,do,to,
c5bc1b0e-5a88-4dde-9532-86164eceaabe,alla,how,
ingoll-like,=ingoll,like,
12ccb6bd-6266-4957-a58a-467a0ac11cc7,ngaeka,cry,
ae6601e9-3085-471d-8e65-b6ba3efd39bd,g-o-g-neg-n-än,REM.INTR-RT.EXT.INTR-AUX.NPRS-3PL`S-NPFV-REM|FUT.3SG`S|A,
093051ab-572f-4865-a163-185a22d6490c,ge,this,
5dfdaf5a-fc2c-41a4-be12-b2c39ab8e0d1,kuddäll,death,
ag-atr,=ag,ATR,
0f55b6e1-7168-454e-8e30-b38457a6f50e,ttoen,thing,
3f3e0fc3-9ca2-4352-911c-882d7eb6a2d3,da,MED.DEM,
25ab2c5f-1316-4520-9216-2837b82c7709,ge-e,this-VOC,
6f8169d0-0041-4d33-8d16-c020c994258d,g-o-ttam-än-än,REM.INTR-RT.EXT.INTR-finish-II.NPL-REM|FUT.3SG`S|A,
bb568600-b297-44dc-8453-8556f53bcd34,oke,okay,
1d9902f7-7300-4bed-8207-e8fc6fc88d92,auwu,yes,
21315903-15a2-4595-b8cd-1f8d04f29618,we,ALL,
6e024b67-feaa-4342-8534-af20967697e6,abo,then,
dc984888-c7df-420a-bf8f-e5fedb1e193f,diba,that,
gaeya-cop-pst-pl,=gaeya,COP.PST.PL,
eaf362ca-965f-46f7-859f-121810cb1b29,au,bury,
ma-char,=ma,CHAR,
e0fe9d90-28d8-4ce0-9292-a7f33e55f189,d-ä-käll-eyo,REM.TR-3NDU`P-dig-REM.3DU`S|NSG`A,
5ae49dfb-5558-4ff1-88d7-0a11087b7503,bo,3SG.POSS,
7fcc6239-e9c7-4b10-bd01-d9aba300b570,pätt,body,
7d349a43-096c-4adb-b354-d612bff155ac,wanseg,leave_alone,
674dfa4d-7d2a-4873-a375-3550686b21b4,e,ALL,
f0c25e12-47b4-464f-b8c8-19e6faa03dae,käll~käll,INFdig,
c7b64c10-028f-4af3-b119-c23270a99ca4,de,ACC,
82144213-ac35-4c4d-89ba-9c1be1fb17f2,d-o-wanse-g-eyo,REM.TR-3NDU`P-leave_alone-III.NPL-FUT.2|3DU`S|NSG`A,
0814330a-10a1-49c5-aac8-30d959c25491,d-a-wund-eyo,REM.TR-RT.EXT.TR-cover_pit-REM.3DU`S|NSG`A,
cadab1ce-18da-4978-9085-dad0e69d125e,angde,when,
c504f2e0-4719-4a1e-999b-86bd06d43bd8,iddob,night,
991303e5-307c-4579-b04e-fff30faa25e2,ulle~ulle,NSGbig,
5373270f-e581-42d7-8d1e-24c1c37f4cf8,llamäg,old_man,
413c979c-9890-4093-b459-df953f1d501e,g-o-täba-neg-än,REM.INTR-RT.EXT.INTR-plan-3PL`S-REM|FUT.3SG`S|A,
77c6a77d-d4dc-45bb-b2e2-a132b162c0f2,ada,like_this,
bbd69520-b25b-41e7-9e56-e5f1ac2549bd,ibi,1NSG.INCL.NOM,
ab38bf6e-603a-4720-bafc-6abe834f3f3b,sisri,now,
9f61bce5-adbd-421b-9a82-c3616cee3570,tongoe,game,
3bda1f21-c6cb-47be-b6d2-d99e3bf0ef25,gänya,this,
8d35eb8b-215b-4acf-9afb-f709c9121361,kuddäll,dead,
1680d967-523c-4763-8aaa-ccca2661a7ac,täräp,time,
7d9ad9d1-3041-4e92-b2b3-dea9058a71d8,ngaskäma,POT,
27b1437a-15c4-461b-ae79-9c312204ddbd,imomdae,true,
c31fa912-5472-4b41-a2a4-0a3a5c53b215,llokttang,strong,
a7aad374-5f85-4e38-bab4-499ae5426fc6,ain,who,
in-cop-prs-sg,=in,COP.PRS.SG,
b2e66b7c-a48d-450c-abac-48fadbba90f5,ibi,go,
fad33ca1-be48-46ab-b800-10038725af62,wi,ALL,
b8d7976a-47cf-4b28-93a2-45b048807ad0,yu,fire,
edb24261-d10d-43f4-b1a6-e56206b54ab9,bäng,fire-stick,
3456ce6e-3109-4292-93fe-9b36963a005c,ony-mäll,carry-DUR,
38ae6579-9345-4f09-9fcc-9ac5ca6514e7,ttongo,one,
da-nom,=da,NOM,
eef740e5-ecc9-4c00-87a7-e7b6e59fab49,d-o-ony-alle,REM.TR-3NDU`P-carry-IRR.SG`S|A,
f38b81b9-5fdd-45cd-ad6d-123c5d7c3176,d-o-wanse-g-alle,REM.TR-3NDU`P-leave_alone-III.NPL-REC.2SG`S|A,
704b8d71-03c3-4ef9-938d-04f8f44804f6,ako,also,
0da74066-0f6e-4470-9e88-933e78801cf8,d-a-ll-alle,REM.TR-RT.EXT.TR-go-HAB.SG`S|A,
fd98fe34-7d10-4991-a325-b30fd92795d2,ngäs,return,
d49e9ae6-9f53-4cb3-beb0-c8f867ca7ae9,watt==a,ABL==NOM,
watt-abl,=watt,ABL,
d865ff4e-d93b-452e-9109-b6439c30bfd0,d-i-weny-alle,REM.TR-VEN-carry-IRR.SG`S|A,
1e798125-5fb7-4225-9eb8-7ca6ae167745,ada,say,
ef4d9c3d-9505-49ea-a867-6497372cecbf,g-o-g-neg-än,REM.INTR-RT.EXT.INTR-AUX.NPRS-3PL`S-REM|FUT.3SG`S|A,
3ab4a175-0248-40bd-b832-e133fcd84456,ai,good,
ef1b87a0-83e3-40df-b865-c630ff0d174c,da,MED.DEM,
0-cop-prs-sg,=0,COP.PRS.SG,
ed6e41fb-bee7-4184-9870-e5acc8cc6017,mɨnyi,FUT,
9814e86c-38f7-45f9-b2f6-6bcd61a1f9cc,däbe,that,
262139f1-01d6-454f-8715-bbda8753194f,b-ä-nges-n-alla,FUT.1|3`S|A-3NDU`P-do-NPFV-FUT.1DU`S|NSG`A,
a98b17b7-765f-461a-9fc7-e072dc707858,aya,who,
aeacdc93-495e-46af-8aab-1e2c27c94bb8,lel,fear,
meny-priv,=meny,PRIV,
c3ae4921-05d6-4c8c-83cf-db70d0d599b5,b-o-g-on,FUT.1|3`S|A-RT.EXT.INTR-AUX.NPRS-REM|FUT.3SG`S|A,
56d06dce-04d1-41a6-8bda-ed558423b790,ngäna,1SG.NOM,
db0f3b39-9128-459e-9388-72386013a59b,b-ony,FUT.1|3`S|A-bring,
588850ba-3cb0-4ee1-a211-166810f96322,di,ACC,
d3d8e0b0-9244-4930-89fa-78c710c6883b,do,to,
o-voc,=o,VOC,
e4665da1-2475-41d8-a90c-8b0d9fdf0c4d,do,there,
f6140e03-f826-4159-9003-1a7d2c4c06a3,b-o-wanse-g,FUT.1|3`S|A-3NDU`P-leave_alone-III.NPL,
aefb76dc-cb12-4316-a08b-4a442ccc4186,b-a-ll-än,FUT.1|3`S|A-RT.EXT.INTR-go-REM|FUT.3SG`S|A,
906f4489-e93d-4d3d-9eb9-83485394f4b1,Awayang,male_personal_name,
2b663f6a-42eb-4159-b010-0abee9232202,Idugoe,male_personal_name,
7c738439-bb9f-48eb-8e86-ca76fd572212,Tizag,dialect_name,
02bf99ec-95f3-4446-81fa-6a8cb7a8f501,da,MED.DEM,
5b5c5d3f-f1ae-4c16-aa2d-5e70b30c5d1a,bogo,3SG.NOM,
67385a57-60e0-477b-80db-3faea8abc60a,eka,speak,
0a35cb23-55c5-4ab2-912c-7bd6fbd579b1,ngänawa,1SG.NOM.emph,
9875003b-01c0-472c-9e09-e5e56683bd87,b-a-lle,FUT.1|3`S|A-RT.EXT.TR-go,
f5f90365-2e41-4de3-ab8c-2d2012c7f449,ako,again,
ddacae21-b549-44e6-9293-9beb5de66b0e,b-ey-a-ngäs,FUT.1|3`S|A-VEN-RT.EXT.TR-return,
4807778c-b6aa-47aa-b298-171fe7620fe5,ttäle,leg,
6cfacd6f-23fc-4c17-8858-4e89407d3349,apte,one_side,
20f89ae0-f2fb-4534-913b-9d4f4c02c3b4,gagäll,bad,
10cd66c7-a3bb-4db6-a5be-2d2495c17435,malla,NEG,
4472b227-1948-417c-b93a-02b9ccdf6f10,mer~mer,ADVgood,
fc164ddd-8e3f-44bc-a043-d2800bc7addf,ag,ATR,
9385c8fe-fff0-4be3-bf25-29ef8ed2cc48,däba,that,
5ba102e8-87d2-470d-9f78-488e175e6fc4,d-ony-än,REM.TR-carry-REM|FUT.3SG`S|A,
5011fe57-c8ca-4c77-92e6-2c6b489c657b,d-o-wanse-g-än,REM.TR-3NDU`P-leave_alone-III.NPL-REM|FUT.3SG`S|A,
87e35b93-d679-4927-ab69-07ee73b7c12c,däba,that,
e-cop-pst-sg,=e,COP.PST.SG,
9ed4a76a-3f9e-48f0-92df-316115242e95,mängal-ae,,
1b5a18f8-ea85-4b52-ae37-995cddb003f0,g-u-ngmae-yän,REM.INTR-RT.EXT.INTR-go_around_(long_way)-REM|FUT.3SG`S|A,
7f5594d1-fd08-48fe-b860-acd3f14c30dc,nyongo,road,
a72e49cd-1ede-427e-ab95-54bc71db1045,dae,PERL,
5136ef8d-5f71-44fa-b6ad-a7ed371a29ea,d-a-ll-än,REM.TR-RT.EXT.TR-go-REM|FUT.3SG`S|A,
cff18472-aee9-4c11-8e21-c118f046ede1,ngattong,first,
9fb83d25-d9a2-4d79-a0cb-66f686cddbde,toko,top,
57594558-9f15-4970-a4f8-3b1ab32c318d,g-o-kak-al-än,REM.INTR-RT.EXT.INTR-enter-II.NPL-REM|FUT.3SG`S|A,
30ffb90d-3118-4314-aeed-74658bb214fe,polle~polle,DIMfence,
f5b256a3-30a7-48b0-9a47-1fb3e2770f88,alle,INS,
c27d1e5b-2dac-4b29-93d2-3d63bfa8c349,kätt-nan,make_fence-I|II.PL,
e87b7200-fc8a-47ae-b7da-be81424bbe90,att,ABL,
18a39944-fd67-4ec4-b606-a4e7a07d35fc,da,MED.DEM,
fa141f77-38cb-43d7-b8dc-af39caaf4d3c,llandär,listen,
ecf6cf7c-86a0-4d81-86ab-7989177fc315,g-o-g-n-än,REM.INTR-RT.EXT.INTR-AUX.NPRS-NPFV-REM|FUT.3SG`S|A,
bf191e0b-7d12-4f15-b31a-346b7ddcd189,g-o-tomon-n-än,REM.INTR-RT.EXT.INTR-wait-NPFV-REM|FUT.3SG`S|A,
cf3b1202-ddd1-4ae2-8a00-90f8722a5e5d,bälle,3SG.DAT,
6ac87d75-0161-47c3-acd5-db6265108220,allan,AUX.PRS.1|3SG`S,
b78c76a1-8232-4052-9b4d-8234a366535a,wiowa,wow,
71c2c968-8c82-4b08-94d8-49bbc63550ed,da,MED.DEM,
olle-all,=olle,ALL,
ddf53476-5671-4b0d-8723-cc23b92ad966,ibi,walk,
112ee5e5-7984-4846-af03-6296dce4c2b9,mer,good,
3929a550-626a-45df-ab11-1b285e345b9a,be,but,
11e0e2de-2c26-478d-a239-9e8406b7b27d,ttima~ttima,INFlimp,
af27bbeb-850b-475a-9869-b50d8a71048a,tatr-aem,footstep-IV.PL,
edc03841-529f-4a14-b039-526354c20ac1,yaya,father,
f3527bb6-2788-49ad-a2e3-247dae543674,d-ey-a-ndär-än,REM.TR-VEN-RT.EXT.TR-hear-REM|FUT.3SG`S|A,
b3adb066-a746-4376-bdea-00f505342f12,käsre,then,
3bcf3b53-2601-4771-8e5f-647314c40934,any,something,
b73f454d-b952-4054-9eef-009880504d68,ddoddollem,make_noise,
1f30a442-3ab6-4fb6-a965-b7b1cd971c18,d-ä-g-neg-än,REM.TR-3NDU`P-AUX.NPRS-SG>PL-REM|FUT.3SG`S|A,
e937ffd6-ee02-4823-84c0-86cee598b642,wattäll,leave_alone,
9c185ed4-4add-4581-a07a-bee63568f9a9,enda,what,
9b266057-2a6d-4688-bf4f-1329c2b7b58b,däbe-m,that-acc,
3038957c-6175-409b-b580-772efd798833,wiowa,wow,
2a32053c-fd8e-4857-9e62-73d89c86ecd4,dindu,run,
898dd52f-d191-4221-b92d-0a3822bbac7e,ede,so,
e67f2bd8-c8d8-43ab-a0bb-1fbd27ae97a2,era,which,
b7372d99-9932-4fb4-99f8-b3a31440e86a,päzäg,brother-in-law,
8ebf3d9a-89e9-438c-9f47-17bcb3d37e5a,gädo,loanword,
b7c09a7e-74da-4baa-b00f-4c06c23682ea,eka~eka,speakspeak,
ong-atr,=ong,ATR,
c76f3a13-830c-4ccd-8292-e91983c50d19,d-indug-mäll-n-än,REM.TR-run-DUR-NPFV-REM|FUT.3SG`S|A,
5d7972f6-0ae6-489b-9a6a-96881ed4a8c8,lel,fear,
55f6bf00-6af4-49ae-9da4-35d05763a73e,do,there,
we-all,=we,ALL,
a496a9c9-c4ac-4cf3-9efe-9d8ed859c13e,de,that,
5c0489ff-f4a8-4091-b412-cc34f838ca89,ero,where,
05c12420-263b-4e86-8798-0bbd6e295012,d-indug-alle,REM.TR-run-HAB.SG`S|A,
fa5a2e6e-99f0-442c-9786-7d9995cedd82,g-o-mpedä-g-alle,REM.INTR-RT.EXT.INTR-push-III.NPL-HAB.SG`S|A,
66e7cbfd-144a-4026-834d-a4498a2001c3,wup,banana,
c722931e-4dfe-424b-910c-e10fc6e6d4bf,pätt,trunk,
30bd9f8e-ce73-4510-96f5-ad11ebf681ec,g-o-bädd-alle,REM.INTR-RT.EXT.INTR-knock_fruit-HAB.SG`S|A,
53a1f0cb-caee-46c3-ab5d-79f15d4282a3,g-o-pällttän-alle,REM.INTR-RT.EXT.INTR-start_walking-IRR.SG`S,
5ccc4eae-7368-45dd-86ad-e85e3f0549cf,mameat,pawpaw,
b558a798-366f-4c98-bf1d-3555bf0b892d,enda,what,
geya-cop-pst-pl,=geya,COP.PST.PL,
f83deca3-82bf-4597-ad5a-0c633d2bb2fe,däbe,that,
c736588a-150b-48b9-bad1-6431a4001815,d-u-du-n-än,REM.TR-RT.EXT.INTR-blow_down-NPFV-REM|FUT.3SG`S|A,
dd441562-5560-45d2-acac-5ddbf9ed6425,dindu,run,
b6a2bfba-5e87-475d-905d-626d5031b143,-mi,-LOC,
9ec899d8-31a1-4632-b763-a4fea735aeea,Idi,language_name,
4f9e2933-d92c-4a86-a375-f4b7174dc343,eka,language,
8314df7d-6c0f-41d4-a5a4-a915129b6ff2,wiowa,wow,
ffa7969a-d51e-42bf-bb07-f7602ea66995,ao,yes,
ff658959-5df8-49e9-8d3e-2b66def0881a,eka,language,
walle-ins,=walle,INS,
c1deb641-88b2-4adb-a606-6777a6ee930c,g-o-g-on-än,REM.INTR-RT.EXT.INTR-AUX.NPRS-REM|FUT.3SG`S|A-REM|FUT.3SG`S|A,
8e7c3f67-9667-4340-b22a-f38a30144317,kuddäll,dead,
feba531a-ae16-4b85-a29b-ad415abcc27c,bom,3SG.ACC,
e111df76-70f3-453c-b078-e21e12997152,d-ä-g-n-än,REM.TR-3NDU`P-AUX.NPRS-NPFV-REM|FUT.3SG`S|A,
c28bf654-d2c8-46df-85ce-be907b71bd22,anyke,spirit,
c79053bc-93a5-4687-8388-e4f2a9949226,ttam,alive,
54b2f27a-7586-4eae-ae7c-15a876a865df,a-g-an,REC.INTR-AUX.NPRS-REC.1|3SG`S|A,
dcf57252-184b-4ae2-af9c-827346b2c9cb,d-a-ndär-mäll-n-eyo,REM.TR-RT.EXT.TR-hear-DUR-DUR-REM.3DU`S|NSG`A,
b1378dda-aea5-41ef-ad5b-51086b6c4fde,lla gulag,crowd,
a1dc165d-d102-4df7-b62c-4b8015f3972c,ubi,3NSG.NOM,
7e722daa-8dcc-48e3-a4e5-944809c2f36d,ako,then,
16dc675b-2d57-4fda-b4b6-ab02029b74eb,du~duli,ADVthere,
9932562f-f1ae-4f72-8e96-dd1aa9313e3f,d-a-nttäkämäll-eyo,REM.TR-RT.EXT.TR-meet-REM.3DU`S|NSG`A,
ec346883-faf3-4a3a-ae28-ac4e54019930,ka,CNTF,
720a011b-c85e-42a1-b090-056a7bd5ccf6,koenmäll,chase,
6101f112-8d8b-40d0-94d0-71a8725d3544,-erallo,-AUX.PRS.3NSG>3SG,
533d1718-d1ed-464d-b146-454d3b71ee0f,ya,greeting,
9c9e0f2e-78a2-4a64-b623-7a448e1d7538,adawede,so_that,
0bcd5f13-d004-4124-acda-703d64e87792,oba,3NSG.POSS,
4b8b8a4d-7155-4d30-a42b-390624b30986,anyke,spirit,
88a45d9c-c109-45e0-8323-bd58ca222652,da,NOM,
de14d867-aa18-4d75-afc2-5bc52960535f,b-o-wanse-g-än,FUT.1|3`S|A-3NDU`P-leave_alone-III.NPL-REM|FUT.3SG`S|A,
634985ae-b449-47a8-875e-82ac3ecb50b7,duli,away,
d51aca28-897a-40d3-9fba-af3a26da1c2d,diba,that,
aya-cop-pst-sg,=aya,COP.PST.SG,
df540119-22c8-4218-85cc-53579172345d,ge,this,
1e50b11f-9814-4618-bf40-b89bdfd0ad25,da,MED.DEM,
75cad602-1ad8-413b-88fb-042bc7f3e970,lla,person,
yaba-3nsg-poss,=yaba,3NSG.POSS,
668e32be-4840-4f24-a005-528c3c54f06e,pate,AN.ALL,
c4553eda-f4ab-4da0-a9b7-a39992c04ac7,alla,how,
fe2f819e-8893-4ac0-84a3-253ed245aec2,ada,like_this,
f4f4b91e-4e79-4c33-b424-85f2636bea4e,mäse,IMN,
fce714d3-c9bf-4c0a-a8cd-c0b2a67c6eae,-nallan,-AUX.PRS.1|3SG>1|2SG,
945aea73-2d81-48dd-a3da-92425ee9bb85,dowae,proximity,
88f9a265-1dd8-4915-8bb1-d7e30626d333,a-g-an,REC.INTR-AUX.NPRS-REC.1|3SG`S|A,
88bfea3a-97bc-45f2-bd94-1f0c7412e836,de,ACC,
bd2daebb-eaa0-4654-98b3-2102e6e3cd86,ddo~ddollem,INFmake_noise,
073f6bdc-c230-473a-9813-daa15a2d92fd,n-ä-g-neg-an,REC.SG|3PL`P-3NDU`P-AUX.NPRS-SG>PL-REC.1|3SG`S|A,
a360dede-e51a-47a9-8222-6ab46ed8d0b9,adame,this_is_why;_therefore,
27eb0868-8e2a-4c98-a93f-3e04cb8dbbca,ngäna,1SG.NOM,
a2291d79-f376-4ae4-92e6-7e385f9a3e2f,gänya,here,
6ff83f40-9d62-4ca9-ac16-37962e3e8cde,indug-an,run-REC.1|3SG`S|A,
7aaedac9-8cac-42ed-8f99-510117848f55,lel,fear,
54439827-c705-4e6c-bcf1-a08c46951b0c,a,NOM,
7c4603f0-72d8-499e-aff3-50b1403163b6,däbe,that,
023bac6f-5274-49d6-b041-5dfdc7a3eaa6,angde,when,
43f9df34-b3f3-443f-84e0-65aa446259be,lla,man,
bb42c052-b17a-4196-a864-607f31aca6e9,umllang,tell,
82e1d8d5-a82e-4b6e-8f17-0c1e23459a76,Kurupel,male_personal_name,
e56e00cc-fd75-4ed6-b1a8-8018d82ee8ca,mängalae,quickly,
a3f70f0a-ca4c-432d-a371-07080d2b629c,ttongo,another,
90b239b8-4ff0-4561-beba-b93ad9b307d9,nyongo,road,
42d92ea6-f268-43fb-99ac-1cc6a7403889,g-o-ngttäg-än,REM.INTR-RT.EXT.INTR-arrive-REM|FUT.3SG`S|A,
9a77764c-47f1-4da1-8977-d56ce2ed659c,oba,3NSG.POSS,
d9eb6fb5-e668-4659-854a-83b4128bc0e1,e,which,
40d6826b-74e0-41d2-8842-ccf6b9db47e4,eka,speak,
9b6710e4-fde6-4518-8bdf-e34dc101d455,eralla,AUX.PRS.1|2NSG>3SG,
f8bdbb93-2ea9-4729-b79d-6fe5cf93b890,ddone,NEG,
4e83b874-6479-49f6-adda-0722fd0006f8,adingoll,like_this,
62cf7cf5-dac2-4861-9a9a-c5c67ae84652,me,LOC,
9e2beda8-f1b2-4b6b-8910-124c08d9fb55,ada,like_this,
8f3bbba0-2f34-4e91-b18f-9e0933f1f100,ingoll,like,
75cc697f-d3a9-4bc2-9ead-9db725bd68ec,ttoen,way,
101ae877-5daf-40df-88ef-948d4d043da2,a-nges-an,REC.INTR-REC.1|3SG`S|A,
be60c844-a8d1-4571-9628-4110fd1b9b99,llamda,old_man,
69b63c62-0130-4d0a-bea5-b05c197769f8,dägmar,tongue,
1d1c8129-812f-46b6-9a08-26113085e048,täräll,stick_out,
e64124b7-a967-4ba3-bb21-b4dba50795ae,d-ä-g-neg-än,REM.TR-3NDU`P-AUX.NPRS-SG>PL-REM|FUT.3SG`S|A,
6bb7f5a6-cc87-4dc4-87c3-78836b64d0e9,däbe,that,
64e23bf1-db25-4a3f-bd42-94f433bb69dc,d-ä-gag-än,REM.TR-3NDU`P-AUX.NPRS-REM|FUT.3SG`S|A,
d22d8d96-fd6b-4c83-9a66-2d1e7cd31153,täräll,stick_out,
4f85bd63-54a2-48e7-87e8-5bbce21b164d,bo,3SG.POSS,
e900951e-90fc-4283-bde4-7c957778904c,midd,meat,
3ef579a6-7bff-4423-8172-325670966bbb,da,MED.DEM,
6e864dea-fd8c-4ebb-abe8-7fb4271ba18c,umllang,tell,
87a65bb4-632b-4008-b425-18ad106adbe8,a-g-alle,REC.INTR-AUX.NPRS-REC.2SG`S|A,
81b300a4-2ed5-4b0e-9c03-c719340d82e2,bongo,2SG.NOM,
95216b97-c77a-42bd-94c6-f41212d954f2,llokttang,difficult,
4bc88e36-71d6-4ba9-8cae-27716442fa29,käde,,
dcb583be-2280-4f27-9eae-c2e71707d209,diba,that,
912a3707-f781-42d2-b232-298fbfa1c43c,lla,person,
yabira-3nsg-dat,=yabira,3NSG.DAT,
e881bd55-b2ca-426c-ba42-c7f5c20f6107,d-ä-llɨt-n-eyo,REM.TR-3NDU`P-tell-NPFV-REM.3DU`S|NSG`A,
586c9c73-27a4-434d-a35d-7b6fb15bb9a4,mälla,woman,
b3b483b7-dda4-4df1-82a1-74ca4642b91c,ddob,other,
5d7a03dc-7361-4110-816b-5d86780e0fc1,tongoe,play,
356bc101-96d7-4108-a659-0b5ad42a76c4,mälla,woman,
5bd07116-9d0f-4b54-b0ec-994136538d6c,g-o-tongoe-neg-n-än,REM.INTR-RT.EXT.INTR-laugh-3PL`S-NPFV-REM|FUT.3SG`S|A,
27408627-07e1-4fca-bab4-2483d5b566aa,ddob,other,
035487b7-6df9-4161-a389-ecd55055de39,ddobae,very,
9a442c41-b76e-45c8-9f2d-ccfc16c983c3,gänya,this,
ea1b5627-6135-44a0-a750-f39c23e3a707,story,story,
39bbfd8f-4792-4109-ba5f-c1620393910c,Idugoe,male_personal_name,
c611248c-db12-4157-a95d-3eed19779205,g-o-nges-än,REM.INTR-RT.EXT.INTR-REM|FUT.3SG`S|A,
5a917499-8f5b-4b89-a929-108c3709c774,adawede,so_that,
86eaab74-ea21-4e8b-9f04-950f19b45ff4,d-a-nges-aem-n-eyo,REM.TR-RT.EXT.TR-NSG>PL-DUR-REM.3DU`S|NSG`A,
4e58ea61-814b-4139-be0f-19ce269d664c,d-a-nges-n-eyo,REM.TR-RT.EXT.TR-DUR-REM.3DU`S|NSG`A,
47b1554e-a7ad-4750-907b-7fc7636f2139,ngaskäma,POT,
2d484bdd-5925-43d9-b5c3-d4a3f9c4ec43,ain,who,
dbd816dc-9b0d-453f-afdc-513e90932033,lel,fear,
1285e07d-0000-4721-9fe1-ad2b31da4c5f,we,ALL,
6b2e2a68-c55d-47b6-991f-b9e2cd7e019a,ngaska,POT,
f65120db-4d9a-4391-8c85-ac08ad267b8e,iddob,night,
fa72fb31-3793-4b64-89e9-ca550881d8aa,e,ALL,
38d7b95f-7d5b-4815-9207-a0c1f8720ab5,eso,thank_you,
3b3ccded-8553-4687-bda5-87b96ea56981,gudae,earlier,
64b666b0-dd24-473f-a523-a5c9b4a5e864,1940s,loanword,
1f1fc17a-df11-413e-889b-54435c1c1372,makäp,inside,
f74592f7-eaba-4e0c-998c-c8feba5f8d13,ttongo,a,
48e0a1a7-e87d-4783-940a-a863bd42d148,kuddäll,dead,
cff66a6e-f8c9-4c6a-9c36-ed4b7959a971,bin,name,
a1e3e16d-a0b3-4643-9a2d-f18c67d3c725,Galo,male_personal_name,
7185f3da-4d6b-451e-a62e-17058d57a32e,Malläm,toponym,
809fdf52-4f6e-4df7-8804-cb8d3976d518,g-o-g-än,REM.INTR-RT.EXT.INTR-AUX.NPRS-REM|FUT.3SG`S|A,
f1266400-8aba-405e-b9a8-2b02523e5327,tämamae,all,
fafa5a4b-c6e0-47dd-8854-7c4696685f92,g-o-bäll-än,REM.INTR-RT.EXT.INTR-go-REM|FUT.3SG`S|A,
deae6f9b-0454-48ab-9612-b30b23dadf77,g-o-klloe-yän,REM.INTR-RT.EXT.INTR-gather-REM|FUT.3SG`S|A,
713889e1-9686-4b36-a23a-26429dab1201,Limoll,toponym,
34468e61-cbf2-4b99-98c8-bab1d3a6bd6d,att==a,ABL==NOM,
e1724576-a079-4818-9ba3-256020ecf443,kuddäll,death,
9fce33b0-e9c9-4db1-9040-a689b159cc68,alla,how,
8221e77e-8d9c-46a6-9e6f-34ee08f91ef5,kolloe-nen,mix-I|II.PL,
e296c199-60e3-419a-9ad7-2c14a4950fe0,naeka,tears,
f29ab2c7-5e20-4c2c-8217-783604a4f279,ubi,3NSG.NOM,
e473eef6-e980-46e4-9e3e-101a556dee85,ttängäm,place,
f7e9741e-4ab5-4047-ab38-127fc4c8294f,be,but,
b64f895c-14e8-421a-8df0-2b103d5c565e,baba,father,
d144d04b-df76-4378-8413-04821ca604ac,da,MED.DEM,
5819db07-7284-4f7c-b953-319bb087e9e3,era,LOC,
me-loc,=me,LOC,
fac0b1c5-b58e-4197-bb1d-a0c928b18d22,Baewa,male_personal_name,
2ab1414b-716d-4736-9c22-d6af3dd714d2,wa,and,
ba5473d2-3735-4e00-8c1d-3e21a9cfe9ed,Zakae,male_personal_name,
d50f072c-1b32-4f0a-a8c1-a21bc0868bd0,llɨg,boy,
649f7124-92ab-476d-8a51-ab992446fc0a,da,CL.POSS.KIN,
825715ad-ff2b-4d43-a5b7-41b66addcc2c,bi,3NSG.NOM,
c94d5717-5c35-4055-8e11-46588979e293,sisri,now,
2ca97475-2b1d-4076-80b7-a117628438ad,gänya,here,
g-cop-prs-pl,=g,COP.PRS.PL,
346728ed-1a4e-46f0-890a-42c1fbfed134,Kälnyam,male_personal_name,
cded091d-7a35-44c9-ac78-5f93565a49f8,g-o-er-än,REM.INTR-RT.EXT.INTR-name-REM|FUT.3SG`S|A,
0d2201ce-9da5-482e-9e77-10b64ee066a3,llɨg,boy,
0548a78b-0b98-4c9d-af41-3e6b65613e3e,dade,EXIST,
e25ef423-6280-42cb-8178-eb8ed19a188f,ge,this,
580c94b5-1e4d-4667-ad05-e460535a4991,ubi,3NSG.NOM,
38160425-2a8e-47a4-a9db-0ae66305c422,Yawen,female_personal_name,
1980f496-4910-435e-963a-e4f1f446f687,au,burial,
1b177497-8f4c-466d-9604-ebed8bdd6170,d-ä-gag-eyo,REM.TR-3NDU`P-AUX.NPRS-REM.3DU`S|NSG`A,
dc1bdecb-d45e-49d4-88f7-b6d370d785f8,au,burial,
cfaf2495-5487-4ef4-ad51-740788cb6e2b,g-o-tba-neg-än,REM.INTR-RT.EXT.INTR-plan-3PL`S-REM|FUT.3SG`S|A,
06dba129-8148-4300-9d40-dfe8058a0960,ibi,go,
2e962522-7dba-4ca9-921d-6030a1fd249e,tongoe,play,
105e2689-c511-4a47-9fb6-e544c072b526,ibi-nin,go-I|II.PL,
6236606b-5c90-4414-92ce-295980edbcc6,ibi-nin,go-I|II.PL,
a89c19c1-6b96-4490-8612-ec308dc985d4,b-a-nges-eya,FUT.1|3`S|A-RT.EXT.TR-FUT.1DU`S|NSG`A,
46b6a04e-c43b-46b2-b578-180f8bd3d6ea,yu,fire,
ca3cfa91-0326-45aa-8642-4987f7e9974a,di,ACC,
b4fac385-bd23-4ac0-81db-f95bc6208a0b,b-o-ny-mäll-n-alla,FUT.1|3`S|A-3NDU`P-carry-PL-NPFV-FUT.NSG`A,
345f542b-1935-475e-bd8f-4eb5ec34998e,ttongda,one,
dba96cc6-c1aa-4649-9f8b-3a8fe11d93b9,d-o-ony,REM.TR-3NDU`P-carry,
6121a9ce-1944-4ea0-8594-e8cac43bc0b0,alle,INS,
4a4df9e1-e484-4ab2-8863-f1bd6f359f13,d-ey-a-ngäs-alle,REM.TR-VEN-RT.EXT.TR-return-IRR.SG`S|A,
278fdcf4-1c30-48a4-b876-c6c99c804e25,watt,ABL,
84067d23-fa23-45a9-a22f-0d1865ddc7ad,ingoll==ang,like==ATR,
a5fd7d42-0fee-4f7f-a1c4-5e17dae3e7d2,ngasekäma,POT,
d36763ba-24b8-4f9d-ade1-19c6723ceff8,bongo,2SG.NOM,
16228af0-73c8-4a63-91dc-e4e0453a9cc2,ain,who,
en-cop-prs-sg,=en,COP.PRS.SG,
4d25aa17-81d3-439b-8450-9ccd63f6cfb4,imomdae,true,
6b8d6831-a181-415a-acdf-e4a363d2aba5,llokottang,hard,
e6ff4a58-c324-42a8-8324-d5406214583e,diba,that,
aeya-cop-pst-sg,=aeya,COP.PST.SG,
96bd2479-a7fd-47cb-8283-776c5be1310a,g-o-g-mom,REM.INTR-RT.EXT.INTR-AUX.NPRS-REM.3PL`S,
44f6cd4f-c988-4601-a02e-743733e43d7b,ao,yes,
755d1c56-1534-405a-b2b5-1012c7637fa6,ai,good,
9f329505-c902-4376-9857-6e2e770e2d91,mɨnyi,FUT,
f7a6bac0-a3e7-4a67-821e-044a53be4366,b-a-nges-n-alla,FUT.1|3`S|A-RT.EXT.TR-DUR-FUT.1DU`S|NSG`A,
f4e956a7-788a-4170-b888-66e0b9c58385,käsre,then,
d06b9013-e939-4d67-8742-050d2b602d04,lla,man,
dae-rst,=dae,RST,
db475384-9c58-4675-b125-b5f8404d7545,ngämo,1SG.POSS,
9ae9f564-1845-4986-a2ae-71414651d66e,bogo,3SG.NOM,
3db1b690-4baa-4d56-afed-558a4f912630,yu,fire,
23e0c630-c799-4cb5-b896-5c38dcae2c94,b-ony,FUT.1|3`S|A-bring,
7f3ee81a-cce2-4065-b18a-bd2d584139cf,ngattong,first,
d6f59904-2596-4d45-b6a0-a658cb15fc0c,do,there,
2d9fa5de-dc4e-442b-a04b-b74e38752cdd,b-o-wanseg,FUT.1|3`S|A-3NDU`P-leave_alone,
fb51f145-1657-4656-b0e2-79c38f16419d,bäng,fire-stick,
9aa85633-62fb-4de8-b5b9-adcc162b1377,ttongda,one,
286ce5ec-c288-43bd-9c1b-c197bd66885f,ngäs,return,
54fd3177-4164-4f3f-b4e3-f8d8f53015d5,b-ey-a-ngäs-än,FUT.1|3`S|A-VEN-RT.EXT.TR-return-REM|FUT.3SG`S|A,
c4e6fb83-5d95-489b-9a92-9b4047066815,Tizag,dialect_name,
be898a43-b24f-490f-9a9b-63577c91e4ff,abo,then,
f127ce68-459e-412c-b497-5f5f8d3a1a8b,ngänako,1SG.NOMalso,
2196a18f-17fc-46a5-ac2e-7f8af2eef9b4,b-ey-a-ngäs,FUT.1|3`S|A-VEN-RT.EXT.TR-return,
ff61433b-6ef5-46d6-9b63-ac902cb9af6b,iddob,night,
72cde101-d32e-46fd-9598-82048e21f672,särem,dark,
bb919bfb-535f-4928-906e-ee381e837eb9,Suwede,male_personal_name,
d044ee33-b35f-472c-b627-dc62b1542466,do,VOC,
18c13979-fa11-4c23-a422-a37eb4b1b5ae,g-o-ngos-än,REM.INTR-RT.EXT.INTR-return-REM|FUT.3SG`S|A,
b0f67358-ab32-4974-99ea-55a3fd66235f,bogo,3SG.NOM,
61dea48f-21ca-4dd3-a3b8-5254118aa334,gonyo,here,
c79d0dbf-fba2-400e-88a7-2af24894dead,da,MED.DEM,
2a60ffc9-9018-46d4-8c77-e10b6d7ac55e,era,which,
cc970527-5481-4262-b2e6-d34798fa3fd9,g-u-m-aem-än,REM.INTR-RT.EXT.INTR-gather-IV.PL-REM|FUT.3SG`S|A,
8be07d36-78e6-4a13-bea3-00795f465443,oke,okay,
751d9f64-ccda-45c4-aee8-7aa02ae7ab93,angde,when,
9de83342-e3a7-49d7-9ce0-e5dff75adc9c,mängalae,quickly,
a5720336-47d8-4da4-a59e-0f0fbe82c52d,g-u-ngmae-yän,REM.INTR-RT.EXT.INTR-go_around_(long_way)-REM|FUT.3SG`S|A,
04bed1fb-d26c-42e0-a567-ca721b9d5803,mänga~mängall,ADVstrength,
6cffcfec-1602-42e9-b799-b5950f0ff964,sisor,new,
1d9f4695-aee4-4ed9-9b10-fec459cad301,era,which,
07930e4f-5a14-429a-a240-4ea3f06de7fd,do,there,
6996fb6c-36e3-4155-aaea-2bd3b35ba294,ik,inside,
2db1603a-ad61-457b-86b4-ba5c5682e52b,g-o-zen-än,REM.INTR-RT.EXT.INTR-enter-REM|FUT.3SG`S|A,
1014dd8e-d579-441d-a88b-79467dfcca73,malla,NEG,
b2bcde5e-e62e-4857-8c86-2a75da2aae67,i,ALL,
9f903d67-9b97-4d90-bfe4-184d8cd80b52,be,but,
25017189-cfd9-47eb-9771-f45a39f37e55,polle~polle,DIMfence,
951f54de-0bb6-4999-b712-fe5265ec9ba3,att,ABL,
29225aed-375e-4bd8-a647-707e571e792c,ma,house,
17b53c93-8a94-4fe9-9393-e0ec2104b298,peyang,COM,
339f38f7-2f42-4b65-87c3-c9aa462134d5,toko,top,
d39d4889-a8a4-484e-ae8a-12efcb585084,g-o-dm-en-än,REM.INTR-RT.EXT.INTR-sit-II.NPL-REM|FUT.3SG`S|A,
f11a90f9-6146-4ec1-bd1c-fefd8808c8ea,d-a-gir-n-än,REM.TR-RT.EXT.TR-stay-DUR-REM|FUT.3SG`S|A,
a0e6180b-caaa-4e88-9538-846dea0b31cb,g-o-ngk-am-än,REM.INTR-RT.EXT.INTR-start-IV.NPL-REM|FUT.3SG`S|A,
bec7ddf2-a482-462f-9f13-fe6f4f04f121,abo,then,
237b6752-cb04-4d36-bb7b-d91c4250e33d,gänya,here,
e7cfcfb6-ef52-42f9-9b9f-41809621899e,any,something,
6a42b285-8df5-4b1c-80a1-ef4297d7f2c5,nying,leg,
bd032d9e-12c2-47c0-8413-106e97d26cad,seseyam,swish,
2c8775c5-74de-4d49-a0be-104d694bf4fa,yaya,father,
48a5996b-1534-4e83-a02e-b976ffe9ded5,ddoddollem,make_noise,
bbfcc84e-2354-45d9-98c9-cad5a6167d68,wiyowa,wow,
6836c9d1-c31e-4055-9e05-03c015a65247,ngäs~ngäs,INFreturn,
e46d0bb2-d3b4-41f1-8dfa-dcd44804d56d,päzɨg,brother-in-law,
9b9a4d52-3d5b-4e83-9cb6-b0f416fd3ff1,gädo,loanword,
7833d2b4-d840-4791-a038-1e0d9a4d78d7,d-indug,REM.TR-run,
24d98d49-ab33-439b-ada6-1431c5b36328,up,banana,
4c5767fe-d22d-4cac-8696-cc5c4a1c92e2,mameat,pawpaw,
f268bbee-9235-4274-aafb-be9e22ea340a,dune~dune,ADVbump,
bf2d16af-855c-4714-b752-d451e6195db6,d-o-kom-n-än,REM.TR-3NDU`P-carry-NPFV-REM|FUT.3SG`S|A,
97357030-6b72-4fb5-9099-a92f79bfc888,g-o-pendäg-alle,REM.INTR-RT.EXT.INTR-trip-HAB.SG`S|A,
27c41cdd-ff86-499c-a994-91883b3ed7ee,ekaklle,ground,
dc64083c-cfc4-41b1-92c8-e9f9cf017fed,g-o-pällttän-alle,REM.INTR-RT.EXT.INTR-start_walking-IRR.SG`S,
ac5d9d3e-1357-416a-bbb3-aa04af5e0df5,gul,crowd,
06c09168-1379-42c8-a20b-a3269fb42249,d-a-dändär-eyo,REM.TR-RT.EXT.TR-hear-REM.3DU`S|NSG`A,
a6225136-54f8-4dec-b2f4-a2e76a0f4785,-erallo,-AUX.PRS.3NSG>3SG,
90ff8896-144e-4e90-b03a-a1ca81e4f3b1,gonyo,here,
b34a55c2-f2a7-42e6-b5d2-f841fab502c1,alle,ABL,
2138f985-a762-44b1-a5d6-3e2843d86067,d-o-ponor-mäll-am-än,REM.TR-RT.EXT.INTR-start_running-DUR-REM|FUT.3SG`S|A,
13e1cede-c66e-4931-8d3a-ffd36efdf6f4,ya,go_away,
4518d414-de4a-419e-b118-7dbe8365a2ec,ya,,
d6c7bc18-344c-4f80-8a9b-b65d019cc0cb,lla,man,
b6b3334a-6409-4ef5-85e0-2d725f360def,gänyeri,this_way,
balle-all,=balle,ALL,
46a807e1-4654-4d0f-8dc1-5f4284dc2156,d-o-ponor-mäll-am-än,REM.TR-RT.EXT.INTR-start_running-DUR-REM|FUT.3SG`S|A,
5b2e0ecd-012c-4c2d-8abb-ca0a14bde030,g-o-gez-än-än,REM.INTR-RT.EXT.INTR-come_out-II.NPL-REM|FUT.3SG`S|A,
4195070e-1295-4ef2-9def-9a91756cc5f2,d-a-itulgoe-n-eyo,REM.TR-RT.EXT.TR-gossip-NPFV-REM.3DU`S|NSG`A,
ae2e1f29-3580-48f7-a4aa-6e57e6856a5d,obo,3SG.POSS,
b2445e7a-5720-4a8e-ada3-b9a25c75cdd2,ttam,leaf,
765ef6a6-e1cf-41c6-b65a-be35caeed2c8,ddo~ddollem,INFmake_noise,
ccf685b2-28da-494c-b10a-48ae0e8eafe1,da,MED.DEM,
mae-perl,=mae,PERL,
c3097eb8-eed6-4876-a544-2075b8b77cd9,ngättägngättäg,arrivearrive,
a3759452-ce2b-45a3-a11e-7605cee13c29,bibi,2NSG.NOM,
3cea7e1e-7d33-4820-bd77-ff922d261f54,ende,what.ACC,
b366a462-55f0-4a45-aeb9-d8b0b173707b,tameny,converse,
f9565dd6-79ac-4cfc-90e8-a63c992b0d79,ingoll==ang,like==ATR,
0668c8aa-c79e-4514-8238-ef06a55ef93b,mälla,woman,
eyabira-3nsg-dat,=eyabira,3NSG.DAT,
8b597bb2-2b75-4168-a043-072790d480f1,ddone,NEG,
d5a60c8b-fd4b-4216-a511-fcdec23c5994,ddobaeddobae,very,
3d163f6e-f0fa-4d0b-a6f1-112a4015944b,ede ada,,
5c60f434-9063-451a-98d7-f14a327f99b7,g-o-nges-än,REM.INTR-RT.EXT.INTR-REM|FUT.3SG`S|A,
eae102e0-ec58-4e7d-8455-b8128f03f789,oba,3NSG.POSS,
7a0111da-8b3c-42c4-aa54-ed3a2bc5212e,ulle,big,
18599edd-5613-4724-bbb9-d356e1f432f3,ib-nin,go-I|II.PL,
1a0b499f-5b19-48f4-b7a9-b5a6c709be83,imomdae ttoen,faith,
e38bf960-8665-4d61-abd6-896d276f8e52,gänya,here,
af120e44-9d50-437b-b75e-d6c2b9c1a51d,era,FOC,
2faaacd1-5d8b-42f2-936d-3f9da8832148,gänyme,here,
ae-rst,=ae,RST,
db2ff90a-5a9b-46f1-87f1-ca09f64cfe76,kanyekanye,move_around,
522058ed-59b0-4e8c-ae8b-163c134b6ec9,eran,AUX.PRS.1|3SG>3SG,
d6478016-4165-4d3c-b54e-a29a6fbc2f5a,ede,so,
a4047f78-2d0e-49d0-a696-45b81ef83ae4,adawatta,therefore,
f536aa75-b3e4-48a8-a4f5-9327709c0e80,d-ä-ga-yaeb-n-eyo,REM.TR-3NDU`P-AUX.NPRS-NSG>PL-NPFV-REM.3DU`S|NSG`A,
1db9f3bb-fcb4-4683-af5f-639e9db2300d,diba,that,
86abaddd-cdf0-4474-b131-35de6ba2856b,ttoen~ttoen,DIMstory,
e897bc83-f98f-4e41-80f7-476fc1792308,ngattongngattong,firstfirst,
ab5f89e5-215e-40d4-958e-b97a539e81a5,däräng,dog,
e1aac134-30cd-41e3-b003-746a49dc336a,wa,and,
e0ffe047-f376-4c6a-8a59-0704380ac8ed,baet,cuscus,
4593b623-cbb2-4e14-8fa7-558724f6349a,abal,very,
63dfb5fe-abe5-426d-90af-4b5d9d962562,nag,friend,
e2db6c38-989a-47a9-81d2-e5a28feeccb7,da,MED.DEM,
gwaeya-cop-pst-du,=gwaeya,COP.PST.DU,
5e872f98-473b-4734-83ad-25459d07de98,bällam,every,
81cc6e83-0227-49d9-8ad2-ac0619c8f836,ngas-nen,do-I|II.PL,
fc6a461e-3bc1-48d1-8f93-d4b747df3c68,era,which,
804db5b2-dd6d-479c-953e-1051a3bf1bfa,llame,together,
87c53b77-04b4-4f2a-9744-2fa6214e35f4,otät,food,
4c2805be-f4ff-468b-91fb-71b5b848824a,yag-nen,search-I|II.PL,
e17959d8-fd92-4fb1-860a-3d8a17f171e7,ine,water,
63172b4f-efe8-465e-b643-d0164b060400,ma,CHAR,
f24ac68f-f262-47b8-9221-3637030ce3e5,d-ey-a-r-allo,REM.TR-DU`S-RT.EXT.TR-go-HAB.NSG`A,
23a41b7c-909c-4106-b53b-1501edb7d279,tatu,wash,
b4cf9207-e669-41e0-91b1-48e8acdb91f1,llame,together,
ae-adv,=ae,ADV,
56704f42-34fc-4ecc-8249-05aa788e2dd3,ddob,other,
0aefc1cd-308d-4a94-bfd4-97cac37c656a,e,which,
5cca4270-caed-4a03-b862-a1f52196bce2,d-a-nges-neg-n-eyo,REM.TR-RT.EXT.TR-do-DU>PL-NPFV-REM.NSG`A,
f40d5fb2-6484-4b15-ad1b-e5576ce2d2c6,moko,love,
wang-atr,=wang,ATR,
7c8952e3-a593-4651-bfb3-f12caab94628,ma,OBJ.NZ,
6e07eb21-7879-4cbe-a6ca-c78fca2b5816,tongoe-nen,play-I|II.PL,
fcbf5259-dacd-4f9e-87ae-eb907e6adb89,da,MED.DEM,
aeyag-cop-pst-sg,=aeyag,COP.PST.SG,
417cdf9a-b733-4086-b129-75c3c6383fae,ddobae,very,
0fbedf75-bd2f-401d-bcf7-5fb4fb13be33,togotogol,gamehide,
b67337b0-14be-4e77-ab29-d933ce9d2c8c,käm,love,
7fffa72c-03b9-4b80-a606-d9859b08b2f1,ag,morning,
b5dc9412-b728-449f-b573-a42f9bf8b277,yäbäd,sun,
7f38b560-9c48-48ff-bf24-2829e18c521d,g-o-gez-än-än,REM.INTR-RT.EXT.INTR-come_out-II.NPL-REM.3SG`S,
92f241f7-aec5-4a81-8e58-5cf89ba6ddbe,wel,wind,
9e9b653c-f704-4a53-945e-deb7887b64fb,mer~mer,ADVgood,
8ca7a112-60c7-4849-a69e-6d901acf14f9,d-ey-a-pdoe-n-än,REM.TR-VEN-RT.EXT.TR-blow-NPFV-REM.3SG`S,
969cd074-5eb0-42b6-8011-b33ec11bcf70,ade,also,
f8596660-a83c-4142-a081-85a0839b614e,daramdaram,shining_brightly,
e5bb12ae-cd7a-4f77-82f5-eebaeea48f23,baet,cuscus,
fb52b6fe-e3a6-4354-a840-28a91e1f2556,däräng,dog,
91750cfa-628d-49bc-b24f-3c3ba0bb890c,togo~togol,gamehide,
c7304ed9-adb0-4c49-a535-a63d4fefcda1,ddangoe,force,
ed0e0733-8360-46a6-b507-7b1b04a39ef0,eran,AUX.PRS.3SG>3SG,
832cbd4d-f93d-461e-be81-40309c1bf54c,llowam,tired,
e9d6606b-e296-4a85-bd01-4d43e14cfb55,d-ä-ga-n-än,REM.TR-3NDU`P-AUX.NPRS.3SG`P-NPFV-REM.3SG`A,
9f3d7cc1-a62a-4c2a-8ed5-606db0ac9ac2,nag,friend,
da-cl-poss-kin,=da,CL.POSS.KIN,
b11639dd-60da-45ab-8069-7fdcf99e7655,ikop,look,
81507896-2ee2-40e6-9cda-d0cbaf7bac20,n-a-s,FUT.3PL`P-RT.EXT.TR-close,
1674b57a-4ceb-48d4-ac08-907a389be4e1,b-o-tgol,FUT.1`S-RT.EXT.INTR-hide,
e8a7db82-8503-4928-aa5b-ea3c03c6e964,ikop,see,
4e9e7a5e-f113-4201-9150-04ebb20ad446,d-a-s-än,REM.TR-RT.EXT.TR-close-REM.3SG`A,
04ee953c-2ae0-44ee-b9ab-ae04d23123da,aeya,who,
d6149763-ec2a-4ede-8064-049e054f8669,d-ä-ngmen-än,REM.TR-3NDU`P-take_off-REM.3SG`A,
1703b2b3-5737-468c-9cef-9440d5bb81dd,ded,there,
73206c09-7b14-47f4-a55d-cf5284ef63f9,kollko,breadfruit,
b68f9965-c51d-43e3-ba04-a237132d27ce,ulle,big,
98e5dcc5-1bc7-416d-82ff-77c0abd0e07f,gäny,here,
70992be3-5af8-4df4-8236-809506f59bd9,g-o-nddäll-än,REM.INTR-RT.EXT.INTR-arrive-REM.3SG`S,
e5e6b18c-24f4-447a-9f28-be2b0b779bcc,matu,lower,
37462b2f-a6c7-4c16-8600-1b9907fe5873,ddage,branch,
b1b730d4-1977-4566-a528-fcf44faf8e4c,era,which,
2b4f6578-e9c0-4233-a1cd-f2c4e13c0b01,g-o-tgol-än,REM.INTR-RT.EXT.INTR-hide-REM.3SG`S,
cc522aca-b54f-481c-8b4d-5c61f84f0574,d-a-ngnoe-yän,REM.TR-RT.EXT.TR-ask-REM.3SG`A,
3eac920b-4887-4ac4-a2d7-86de17275979,nag,friend,
d193464d-7f1f-4577-8be4-0140d2c00a0d,zɨme,IAM,
f755344d-819a-4fbd-a2a5-00c7e2bb4130,a-tgol-alle,REC.INTR-hide-REC.2SG`S,
699c4271-9750-4fb9-ba5d-78ab7547d62f,g-u-ngämingg-än,REM.INTR-RT.EXT.INTR-answer-REM.3SG`S,
14f6d78c-0fba-467c-a9e8-7f2eaeb214d8,ao,yes,
20604d28-7e41-44e5-977f-1af4681dc22e,de,ACC,
e07793c9-a3ea-4f45-929e-70fe04c0e81a,d-ä-ngk-am-än,REM.TR-3NDU`P-start-IV.NPL-REM|FUT.3SG`S|A,
b08b2984-4826-449f-93e3-419a66b758aa,singo~singoll,ADVin_front,
cb44d753-e3bb-46ff-9a07-09cf3a80e03c,mullae,able,
0da591f9-5733-4fc8-ade7-df1988c1e462,bälla~bälle,INFfind,
6332192d-7644-4f96-bb33-e9d2dee4491d,dindu,run,
att-pp,=att,PP,
0836bf3a-393b-4826-a37c-b53ac0ae5a37,d-o-ngkollmäll-än,REM.TR-3NDU`P-follow-REM.3SG`A,
8b4e7987-0d84-4df4-97fe-fc0961887404,dowe,ADV,
e79fc551-4d4e-4330-b0d5-43aed2a9dc6f,mit,base,
79da4509-f72a-4170-8894-158066b0fd35,nag,friend,
21c2aaaf-f4cd-4d8d-b401-2a662dbcbb12,a-ngetam,FUT.INTR.2S-come_down,
306df86c-41b9-417a-9989-d42361759993,g-o-ngetam-än,REM.INTR-RT.EXT.INTR-come_down-REM|FUT.3SG`S|A,
d0074ff6-78db-4c92-9121-c31c8a922b9c,matu,ground,
b6a9bb83-2400-4780-b8d6-b124983481d9,bako,2SG.too,
3a65af36-df3d-4e09-be7b-5586762ba149,ikop,eye,
1147cfda-c09c-400e-b2c6-f2a33c95152e,n-a-s,FUT.2`A.3`P-RT.EXT.TR-close,
c63c92b5-40e3-4180-9da6-009e7b37e74a,nga,now,
1ff5818a-5e49-42f1-82e9-f4a0a8909b14,b-o-togol,FUT.1`S-RT.EXT.INTR-hide,
d83caa31-d1f0-4ac7-992e-ed8792dcd14f,kllomo~kllomoll,ADVbehind,
7babb622-5d6f-471e-a8a1-4c45358d37de,kukiny,grass_type,
382148c8-9354-4cdd-b675-01c43e13946b,mama,grass_pile,
d001c1ac-208d-4989-be83-0d9c8e7d97ac,diba,that,
a014ac9a-4f74-476b-b676-59e86affed24,g-o-träk-än,REM.INTR-RT.EXT.INTR-go_underneath-REM.3SG`A,
5f0e80c0-a69b-4fb1-9831-eab1e357e8fd,g-o-ntmon-än,REM.INTR-RT.EXT.INTR-wait-REM.3SG`S,
8058244c-b6a8-457f-b524-d88aba853ce7,täräp,time,
d298a2a7-e7c3-49c5-b343-f40bcfc5120e,d-a-ngnoe-yän,REM.TR-RT.EXT.TR-ask-REM.3SG`A,
7737395e-4a0e-4fd5-bb3b-87aa9288467e,zɨme,IAM,
0a016c73-c0da-4b2d-9bfe-176c481c8817,a-tgol-alle,REC.INTR-hide-REC.2SG`S,
4a1650c1-8088-457a-ae63-93a89ac398b3,aoǃ,yes,
f468fc52-8bfc-4b33-9cfd-9876191cf5db,yag~yag,INFsearch,
8916c693-da31-4218-b485-92addf34ccc9,ada,like_this,
a771d00d-3214-42cb-91cf-faefd7726cd0,yag~yag,INFsearch,
40339ca6-c26b-4cc4-ab1c-c9fbdcf5451b,d-a-ll-än,REM.TR-RT.EXT.TR-go-REM|FUT.3SG`S|A,
d14a57cd-6c66-46a6-847b-1f1870cf8ce4,wiyowa,wow,
b7a8bf22-4bc1-4566-8bbe-a0885c1f1270,d-ä-gag-än,REM.TR-3NDU`P-AUX.NPRS-REM|FUT.3SG`S|A,
672b95c1-9c36-4025-8c77-12429dbe33f1,wolle,shout,
98879a08-c167-49cf-b40d-14129599e18d,kapera,out_of_town_friend,
37610bea-7ff8-40fd-b246-589d28ac2f26,wiya,come,
099f50bf-6dec-44be-ba1a-8fe1b7148040,a-gezän,FUT.INTR.2S-come_out,
6538e6df-a73a-4cf1-9413-5714b9040e23,o,or,
9ae38924-981e-42bf-80f3-de4424a4e1dd,towall,grass,
121b593e-1524-44a9-ac34-1ed5de669c6b,ik,inside,
37876c3c-5149-4f96-b089-162708faad51,kuki,lie,
1f9044f9-79f6-4fa4-ba51-4e52107ee8c5,de,ACC,
09328607-8ef7-47ee-98da-01d7a28b8d31,g-o-täba-wän,REM.INTR-RT.EXT.INTR-plan-REM.3SG`S,
7f99f366-0bc5-45f9-a210-2f97e9f64dc2,llan,ear,
19fdb085-ca00-47a4-891d-eb776ba525b3,d-ey-a-ngäd-än,REM.TR-DU`P-RT.EXT.TR-coil-REM.3SG`A,
cf0c1658-79ae-4451-9dee-97e69d05760f,llama,hesitant,
405b6285-fd2a-4f18-9275-dc49e69d8a2e,näkäp,mind,
c84e0764-43e3-4f2d-b8c2-17a88a97e67c,g-o-gez-än-mäll-n-än,REM.INTR-RT.EXT.INTR-come_out-II.NPL-DUR-DUR-REM|FUT.3SG`S|A,
c09b2d10-4612-4047-a9b2-9f80f8f28d19,kapera,out_of_town_friend,
029e69ec-d87c-4e75-9c96-7aca775ab78a,obo,3SG.POSS,
39e20e07-44e5-4766-ba60-d67cbc09bb8a,tubu~tubu,NSGshort,
154011cb-556c-43ef-8cc8-0f53ba170a97,a-g-neg-an,REC.INTR-AUX.NPRS-3PL`S-REC.1|3SG`S|A,
7112260f-77df-4cfb-83ea-901882b8398f,käsre,then,
de9f5ae4-641f-44d6-8c87-3f18183fa76b,kapera,out_of_town_friend,
2473c428-0cba-46a7-84a1-85c807e58c47,bäne,2SG.POSS,
84855e1e-47f0-4c40-9f9e-96341364c706,alla,how,
7a75e607-35db-49e4-b861-3a466e8d8814,y-a-g-alle,DU`P-RT.EXT.TR-AUX.NPRS-REC.2SG`A,
9247d43a-1705-4d5d-b1df-7aab7a8c3eaa,kaeg,initiation_friend,
0f85a0fa-caae-426f-89f1-52e48710b2ee,d-ä-ngk-am-än,REM.TR-3NDU`P-start-IV.NPL-REM.3SG`A,
fc0235dd-1023-493a-9c63-e1e1772b0e71,ngäna,1SG.NOM,
2c72d31d-bf26-4756-8e84-62d517535742,ngämo,1SG.POSS,
92375747-cfc2-481b-80d3-2cf0d5255938,era,FOC,
d418c963-4554-4525-89a1-31754ccb8e4c,y-a-tärpän-an,DU`P-RT.EXT.TR-cut-REC.1SG`A,
d095682f-8f5c-4abc-9967-a57f9ab2402d,moko,desire,
54f9f053-9bac-4971-9d60-e758a2d94a43,era,which,
5e55f50f-0543-4a8e-b4b2-c41683c4f841,ingoll,like,
55e609b0-7af9-4f0c-9c4d-16b39e0fb0c2,b-o-g-allo,FUT.3`S-RT.EXT.INTR-AUX.NPRS-IRR.NSG`S,
3ba2d596-172b-45e2-bbfc-e6c2da1c19da,da,CL.POSS,
6f6cf532-910c-4f50-bb9d-e614060ec14d,g-o-g-eyo,REM.INTR-RT.EXT.INTR-AUX.NPRS-REM.3DU`S,
803f8de1-87b8-45f2-a8a4-c0b893113ede,dibaballe,afterwards,
423766a4-8bfb-49da-8cbe-c72d537e272a,bongo,2SG.NOM,
265183b8-109a-494f-8001-44fc54039d37,ngänäm,1SG.ACC,
0ec82beb-0487-42d0-9ad0-744ceffd096c,n-a-ntmon,FUT.2`A.1SG`P-RT.EXT.TR-wait,
8f1b6934-1aa5-41d3-9d71-7ac6b14cd37d,nga,meanwhile,
6c6dbbc2-5721-43ce-9fde-2f7c3ba7217e,ma,house,
82e5bcb2-9de9-4be1-bad0-0bd24ae8f8ea,täl,bamboo,
d0ad35d3-bc7f-4df0-be62-1331fb59dd00,pallkoll,piece,
f8d1069b-fcd1-4661-a600-2ac2aa837de6,d-i-weny-än,REM.TR-VEN-carry-REM.3SG`A,
47063e47-16d7-4372-ad9e-f78b94a8ad9f,ka,EMPH,
5e9ec039-5a42-4433-90d3-abe633d11ce5,täräp-nan,cut-I|II.PL,
7d15fb4c-6b2b-430b-b5ae-be1ae48ac97a,anggan,AUX.PRS.3SG>PL,
b9a7c3cd-f95f-4cd8-b572-ddd205bb80f9,ibi,1NSG.INCL.NOM,
3be6a815-c3e2-4a9d-bcd4-be1ec715a3a6,tatu,wash,
d0b5f196-be77-4875-be5a-1e45d662f5d3,kili~kili,ADVhappy,
46317530-7162-46be-98c4-bc2f450e18ec,moko,love,
5b8b7fa7-f24e-48cd-b36a-743d687078a5,tatu,wash,
f90a875d-1213-441c-8de3-258d8cda2eff,g-o-ngttäg-eyo,REM.INTR-RT.EXT.INTR-arrive-REM.3DU`S,
7088c9dd-8f98-4740-b612-6cdb64bd61f8,d-ä-g-n-än,REM.TR-3NDU`P-AUX.NPRS-II.NPL-REM.3SG`A,
23c113d3-2c8f-4d61-b730-451bd8bd67af,walle,water,
b3ba838d-e300-43e0-98ea-ca6a933eca79,g-o-gäbän-än,REM.INTR-RT.EXT.INTR-REM.3SG`S,
625a015b-9c7c-4308-b0ee-a5a7a45c893f,mer~mer,ADVgood,
c5fc0163-9963-4826-bcc2-d12f3dc6d977,täträp,cut,
88d34196-1295-478f-97ea-848b8d2b4206,d-ey-a-dro-wän,REM.TR-DU`P-RT.EXT.TR-clean-REM.3SG`A,
8e185d16-7c1b-4d5d-82c8-af7865a07239,ddoneada,NEGlike_this,
058898a1-1a4e-4fe7-99af-27922d0d2e48,d-a-tngoe-n-än,REM.TR-RT.EXT.TR-laugh-NPFV-REM.3SG`A,
8f5f6a76-a2f2-4bf8-86e3-027d836dd74d,g-u-irngän-än,REM.INTR-RT.EXT.INTR-come_out-REM.3SG`S,
123cb9c6-f0a5-421c-a0ca-a85f0f8cdb3b,ako,then,
fc16e1d1-2ec8-4210-a577-a9e080f1d9de,gllu,splash_sound,
7b320578-171f-4a28-b3b0-871266735315,g-o-ngkäbäg-än,REM.INTR-RT.EXT.INTR-dive-REM.3SG`S,
cb72ed6c-5675-46bb-9795-e87c82cf2602,igi,underneath,
ee0509ff-1444-4872-941b-e99e24a42c49,g-o-peyam-än,REM.INTR-RT.EXT.INTR-come_out-REM.3SG`S,
2dfb0f7c-44d7-4735-811e-ff6e4558aa6b,komlla,two,
aeb-rst,=aeb,RST,
mae-rst,=mae,RST,
3588f3dc-1430-4a02-bce2-5b353f41770e,d-ey-a-täräk-än,REM.TR-DU`P-RT.EXT.TR-untie-REM.3SG`A,
5c76c1a7-7e25-4a3a-ac8d-310b8763263e,g-o-ngnam-än,REM.INTR-RT.EXT.INTR-realize-REM.3SG`S,
57471f9b-f621-4343-94f7-287f74105735,obom,3SG.ACC,
fc7796f7-a997-4108-82e6-56574c2fcab2,eka,word,
b31a94d1-b7f9-428a-b62b-ff25a04a0723,laem-nen,argue-I|II.PL,
6c4a3e83-93a9-4d77-83f0-9d3d693d8697,g-o-ngkam-eyo,REM.INTR-RT.EXT.INTR-start-REM.3DU`S,
ca394998-b398-40aa-8233-a6a602231644,manggo,tree_type,
f2c93989-1de4-4270-98b7-29a5c8434d66,d-ä-ngkäl-än,REM.TR-3NDU`P-ascend-REM.3SG`A,
de0f4f0b-b4b4-4735-9cc0-7a7be8ab8b58,walle,ABL,
ddab69a5-3e53-4f93-94c4-ff3e6d6ed99d,ttam,life,
ad2e88bc-425f-41cd-8592-b8f99c362e72,giddoll,life,
d7a0675d-d5a7-4f53-90ff-0a2e6a0811b3,lla-eyabaene,person-3NSG.ABL.POSS,
cab1a4ef-f18e-4f7e-9727-e4d9fa9c0654,tot,rubbish,
e53f8a54-53ea-48df-92cf-e4756347719f,n-ot-neg-ne,FUT.2`A.3`P-eat-SG>PL-NPFV,
c15d8116-9fe1-42ee-9b2d-c29a61e5cae6,ide,side,
944f6612-0c7a-4f46-b9ae-5d4dca989708,a-nzagae-ne,FUT.INTR.2S-be_showy-NPFV,
8917853d-321e-4df8-807a-d911f7ed0ef9,gämäll,steal,
9b23638f-6a4a-4a73-a8ff-2ce44d6a9df7,a-g-ne,FUT.INTR.2S-AUX.NPRS-NPFV,
d83bcdc5-886b-489d-a7cf-ad3915c99e2f,g-o-pänae-yän,REM.INTR-RT.EXT.INTR-turn-REM.3SG`S,
1a59bc05-38ce-4822-8ad5-3665b12114e1,giddoll,live,
9476733f-51bc-4ebe-acd5-e35d4998f443,mäzi,FUT,
5b83dfcf-70e2-450b-a959-cd4a80f30ff9,llo,tree,
c29be095-7b4c-4726-b51e-fe002ab43d0c,ttam,leaf,
ddb22493-edda-4f1d-8473-47b8fcaf30af,dae,RST,
72e4390a-0a35-4d53-861f-44a532c87f7d,n-ot-neg-ne,FUT.2`A.3`P-eat-SG>PL-NPFV,
ee81e905-a17d-41e7-8b50-7b1362583243,bam,2SG.ACC,
2b55ee99-819c-470d-bce1-17baf9623919,gäz,kill,
504055f7-071d-4596-aff2-11c94a8ee40c,n-a-yag-n-eyo,FUT.3>2SG-RT.EXT.TR-search-NPFV-FUT.NSG`A,
59d692d9-015f-40b4-b578-473dda606719,säre,sadly,
c68e5db3-dc5d-4e0e-bcf8-c7783951dea7,tubu~tubu,NSGshort,
aa0a6743-44f4-400d-b375-3e589d29aedc,d-ä-träp-neg-än,REM.TR-3NDU`P-cut-SG>PL-REM.3SG`A,
b9159b94-656a-4609-a128-77bd9afefde2,-eralle,-AUX.PRS.2SG>3SG,
e5c56fb0-abbe-4fb5-8005-63644e0daec5,yuwog,many,
cfb19c1d-fd43-444d-b443-c23cd061dd8a,kanye~kanye,ADJmove_around,
18aa4fd5-4da2-49aa-bd0a-71905cdc1f8e,gämäll,steal,
d31aa4d9-8c56-4911-9aa0-872d5c7deb14,ngätt,yard,
6c278382-8b32-4085-b7ba-506f6b29d4e6,källa,defecate,
1dd6cadf-f610-49a1-befe-05cb17777090,be~be,INFleak,
yag-atr,=yag,ATR,
ed1318c5-da32-48e7-a707-99a1ff629555,adawatta,because,
96ec95a6-759f-4f63-ab7d-8b699ed33270,ttoen,thing,
17b94a47-f0f3-4b74-8e5f-4871ed6385bc,ke,CNTF,
dd1cb4ca-a20a-464f-83c5-07846f22849b,d-o-nttog-än,REM.TR-3NDU`P-give-REM.3SG`A,
2928b7e7-a328-4e41-8bfd-09c0ed3b016a,ause,old_woman,
2a3e1560-5e17-4c9e-aa2a-af738164e93a,llɨg,boy,
1f4a8bef-f5b5-41e4-bd54-1cc755325ef1,kälsre,small,
dee4cb02-b128-454e-9187-8ec45edf4a53,bem,sea,
7c88b45e-7c56-447d-a02b-e3b6461e0004,amne,center,
ca7e8901-377a-4766-8181-159a9826d43f,de,FOC,
8ef85b41-20ca-4bf3-aa64-b5cfd3d27ad6,misdae,just,
0754a7c7-8c70-4f84-9774-14a2c37d7f9f,ttong,one,
face0d83-3c3f-43eb-88d1-d4078d1cea5f,kui,island,
5be17bbe-2c6f-43a1-9fce-48e5e2a79cde,känyer,self,
c4279b17-fda4-47d9-a8d1-f9f48e423abc,kakänkakän,floating,
17e5e7d5-3ad0-48fa-bac2-a98dac4f50f0,mälla ause,old_woman,
47730d96-027b-44c4-86e2-a265ed4b713e,toto,evening,
f9bb52ed-7e93-4353-ba2d-b77183fa87c6,g-o-kla-n-än,REM.INTR-RT.EXT.INTR-set-NPFV-REM|FUT.3SG`S|A,
8f725627-8df4-45f9-a278-b76e089bd2c1,särem,darkness,
f35756f1-a3b5-4469-8dbc-c709cb0c191f,d-ey-a-wi-n-än,REM.TR-VEN-RT.EXT.TR-settle-NPFV-REM|FUT.3SG`S|A,
a8cd1f25-9ff9-4524-a09e-e441fbe5ea07,pädoe-nen,blow-I|II.PL,
518ad111-d957-420e-834a-b8c7dd93e5ec,kämag,west_wind,
258d9c87-6b25-4d64-bbfe-446dd336b8f7,ause,old_woman,
2272b306-27d1-451c-99bb-62ba3bea1776,ngänaeka,cry,
87732a3b-426e-44a7-b98e-b3138a2291ed,känyerkänyer,soothe,
2b39312d-20aa-448e-91d4-131658117110,d-ä-ga-n-än,REM.TR-3NDU`P-AUX.NPRS-NPFV-REM|FUT.3SG`S|A,
e34e7c38-a99a-42c3-9a30-eeaa83a242d5,täp,interrupt,
111b70df-6469-47af-97a8-5b678346c4e4,g-o-ngällb-än-mäll-n-än,REM.INTR-RT.EXT.INTR-come_up-II.NPL-DUR-DUR-REM|FUT.3SG`S|A,
f56837a0-f1f1-478f-8db1-d60c91453db0,tater,mat,
fcad0d52-7973-4508-9acb-beab551d32b8,ngäd-nanngäd-nan,roll-I|II.PLroll-I|II.PL,
cf3ecb6e-52c4-46c4-a893-800b2c1343ef,d-ey-a-r-n-än,REM.TR-VEN-RT.EXT.TR-go-NPFV-REM|FUT.3SG`S|A,
26598c83-e660-49e8-99ba-1deaa08ed8ac,oblle,3SG.dat,
f2bcc705-5a50-4175-ac4a-1ad1c6963005,ddoneabal,NEGvery,
ccb93bd1-9fd5-487e-bd17-cc8efbfc036b,mulldae,able,
99fad88d-961e-4bbd-989b-defea09d16ed,dindu,run,
ma-act-nz,=ma,ACT.NZ,
2a1e3117-4002-4b6c-baac-d68498defdad,ngalen,way,
a56bf527-7a3a-441a-993b-18f4f07edc48,mänddmändd,drown,
d8c46367-067f-4ef0-a8ca-8dfff22a88eb,käg,container,
bf2abc3f-9f0c-47aa-9ca2-5ad2ea1c7691,mamon,shape,
2d1bbaa6-faf1-4da1-9d89-30c850244464,d-ä-zan-än,REM.TR-3NDU`P-put_in-REM|FUT.3SG`S|A,
5b9e71d7-deab-4a75-8bee-896b0fc1a322,d-a-inttemängg-än,REM.TR-RT.EXT.TR-leave_on_the_way-REM|FUT.3SG`S|A,
03b37a6b-5611-4059-af2f-a4fcff23259f,kollba,fish,
875e63dd-1e17-4a4c-b284-bd6b93e30d84,g-o-pnae-yän,REM.INTR-RT.EXT.INTR-turn-REM|FUT.3SG`S|A,
addf939b-112f-4074-a89f-46a97a303248,ikop,see,
2b9d0bcd-7c31-488c-863b-b06537731e76,enanae,straight,
d6fc063a-4fdb-42bd-a53b-372c33ca7cb6,d-ä-tr-am-än,REM.TR-3NDU`P-carry-IV.NPL-REM|FUT.3SG`S|A,
cdbfcb9d-8cf8-47ca-8dba-cebbea5e3e94,ddob,some,
3eef4354-6087-4e37-8363-a44b8fbaaa38,lla,person,
365e4673-5fff-4fa1-8644-d7140f71c9da,d-ä-ngttäg-än,REM.TR-3NDU`P-bring-REM|FUT.3SG`S|A,
5f365794-656c-46fa-9ef6-3fb87cde99ec,llɨg,child,
dc1b089e-a7ae-4676-85ec-12c70d244ed9,mik,widow,
4758dee9-5e04-4b1d-9d26-97b185085002,d-a-mänd-än,REM.TR-RT.EXT.TR-raise-REM|FUT.3SG`S|A,
80fce798-b313-4f75-acd6-ea9c93afdf21,patme,AN.LOC,
9e96ef7f-5264-4351-b32c-76973f8eb896,mängall,strength,
3d242a5d-ce76-41ca-b49e-ea4c9b14c8e7,melem,work,
b7f2acf9-58c6-4c89-bc5c-4dfc448ea95f,ngas~nges,INFdo,
c03b33bd-8b9b-4c99-917d-b4131e4dceae,tupi,tall,
b66ce40c-92fd-41a9-a2ba-3a9ebebb6666,g-u-nzi-wän,REM.INTR-RT.EXT.INTR-settle-REM|FUT.3SG`S|A,
db32f66b-f292-45ef-9cb4-f0716f1f6da1,mälla,wife,
925796db-b7fb-4ebc-9d47-a1d070ba0e5f,ttang,hand,
7c82261b-d545-4436-a975-a901e2991542,llɨpɨt,finger,
5a810828-54bd-41d4-a323-6a1a9bce54af,d-a-gir-n-än,REM.TR-RT.EXT.TR-stay-NPFV-REM.3SG`S,
2d6df7f4-b60b-4b52-97a9-0286636b329a,Bundae,male_personal_name,
1568a0c1-35dc-4ded-9ec7-f80f95a66cfc,bun,head,
a1ca6c59-a4d1-455f-a985-a67110b87397,mällängik,noseinside,
11de7927-8cdc-4b37-ab7a-b4b064667d89,za~zer,INFenter,
9448ab93-5fae-466f-bc07-df7d82132879,mälläll,size,
3305ddd6-4f9e-42df-a455-4691dd8986bb,kälsre,small,
3635c647-4660-428a-88cb-905fd65c3820,kälekäle,small.PL,
9e98d369-d645-4508-9dd3-b0c65bcad409,pa,bird,
e44e1558-3fd4-45fa-a5c1-9cfc60064c2c,bägäl,bow,
0aa360fe-8547-4bb8-906d-20b0dedada38,a,ACC.CONJ,
e749d2cd-4536-4bb8-8dfd-68b8f0444379,täbäll,spear,
0d4e63ae-a2f5-435d-9d4d-9e709a380198,d-ä-nglläb-eyo,REM.TR-3NDU`P-get-REM.NSG`A,
5813154e-921c-487a-93e0-c692a2622185,g-o-g-neg-än,REM.INTR-RT.EXT.INTR-AUX.NPRS-3PL`S-REM.3SG`S,
0b8b2344-f54e-4177-9246-7e897a0e3081,da,MED.DEM,
2b2940e8-0b8a-43cf-a788-2b41f5984ced,emaemae,many_different_kinds,
224aaf22-bdba-4513-8cfe-bf0160ddd989,d-ä-gädd-aeb-eyo,REM.TR-3NDU`P-kill-NSG>PL-REM.NSG`A,
8d7811f4-372d-4969-bcd4-eb054dd87da7,d-ä-ga-eyo,REM.TR-3NDU`P-AUX.NPRS-REM.NSG`A,
68b9e922-f2ad-412b-a7a8-df4cc3a477ce,g-o-otar-n-än,REM.INTR-RT.EXT.INTR-sleep-NPFV-REM.3SG`S,
3a40d365-b67f-410f-8880-4cf960761ab9,pollon,bush,
18195521-443b-4555-a9c2-4f48af948799,d-ä-ga-eyo,REM.TR-3NDU`P-AUX.NPRS-REM.3DU`S|NSG`A,
07db6190-05ff-43b4-85eb-be4decb83e7c,mälläng ik,nostril,
2e641dfc-cc24-4b5b-a79e-6e47bbb62e94,g-o-zer-än,REM.INTR-RT.EXT.INTR-enter-REM|FUT.3SG`S|A,
4b3d2309-fbba-4a07-bba8-d4708e94f18c,d-ey-a-ud-eyo,REM.TR-VEN-RT.EXT.TR-light_fire-REM.3DU`S|NSG`A,
d2f90ff0-4b97-4b33-aa06-dcd1de8c6a8c,dompa,arrow_type,
e887c4e8-037d-4135-a563-f7fe1158744e,d-ä-po-aem-n-eyo,REM.TR-3NDU`P-sharpen-NSG>PL-NPFV-FUT.2|3DU`S|NSG`A,
681f0ad7-c3b6-43e6-8b21-be2bc320f78d,to~tot,NSGrubbish,
fcffad9d-298c-4604-9707-7666c46a3b59,inu kuddäll,fast_asleep,
838a13ec-bb9e-4f55-9912-bc89bc3db88c,ttoen,way,
12dad355-2c75-494a-8d58-95e9b800efb5,g-o-gez-än,REM.INTR-RT.EXT.INTR-come_out-REM|FUT.3SG`S|A,
680597db-9b08-4d41-851f-bae04a719e22,g-o-nsämängg-än,REM.INTR-RT.EXT.INTR-feel-REM|FUT.3SG`S|A,
7157c4cc-ff58-44a4-bf1d-1d26d464c93f,mälläng,nose,
463aa603-13b0-4412-851b-eab41885f49e,nongonongor,itchy,
5755f3f9-57e6-4c1d-bb1c-eafc54a0dc98,ansi,sneeze,
33a04cab-d76b-41f2-8158-a2d862dee237,kom,feather,
5800b02e-c989-474b-a7ae-0c56ea22d42b,ttätta,burned_wood,
dc90fab3-759e-45ee-9a31-5b6e8d7369fb,mikutt,anger,
a4b5e9dd-2a88-4fb4-95ee-876dde6dedad,abo,must,
b0906305-be83-4528-9f57-a357515fce22,känaebag,tomorrow,
c5f5ad21-4cd5-465d-95e0-c5c1a54cca75,i-ngäsmäll,VEN-return,
2132b502-a705-4432-a956-02f7e9d59d54,g-otar-än,REM.INTR-sleep-REM|FUT.3SG`S|A,
fc791555-fdbc-4978-948c-2fedd29a2898,däba,there,
ee7b7fb1-9602-43d7-b299-dc11f5978c78,ddägattalle,after_that,
5ef9c684-6dd3-47df-92b8-904ebc43b90f,d-ä-nglläb-eyo,REM.TR-3NDU`P-get-REM.3DU`S|NSG`A,
a5e09bdb-ff03-4b68-b5ec-eea856545359,d-ä-gädd-aeb-eyo,REM.TR-3NDU`P-kill-NSG>PL-REM.3DU`S|NSG`A,
0a050ff9-2430-4d4c-bce8-813fd1e0048e,doweae,straight,
0a804d45-7139-481b-9250-9009e57a34b9,yagyag,search,
f56d9a80-4127-4e83-9758-c1aca805e2cc,ngättma,place,
765a3290-ccc9-45f6-906b-83dc511cbba5,meae,PERL,
1073e293-945e-4995-81d1-20bf4fb1138d,inu kuddäll,fast_asleep,
c8fefbc9-1561-49d7-9af2-063c83e23469,inu,asleep,
f6a51335-c9a4-4cbe-a5db-e0159b6bc835,d-a-ude-eyo,REM.TR-RT.EXT.TR-light_fire-REM.3DU`S|NSG`A,
c3fbe509-e3f6-4016-adf6-9ae8ae178fc7,d-a-pädrall-eyo,REM.TR-RT.EXT.TR-spread-REM.3DU`S|NSG`A,
ab3ddcec-be4e-4e9b-a16d-7a33e3caa359,g-o-nserbe-on,REM.INTR-RT.EXT.INTR-prepare-REM|FUT.3SG`S|A,
30388591-1426-4b25-b662-a3f8bcfe4516,pädrall,spread,
99b428cc-1a55-45a5-a1c0-6205579e569b,papa,hit,
743eb838-ce3c-4b2a-8c77-a974a62b6778,d-ä-ngk-aem-neg-än,REM.TR-3NDU`P-start-IV.PL-SG>PL-REM|FUT.3SG`S|A,
bdafa47b-364d-46ed-b8ba-8f19c66baa90,ge,this,
4bbc5de2-c244-4da1-bacc-45b281fc02eb,bina,2NSG.POSS,
c0b264b1-c70a-4133-9ffd-1baca1fcd447,bibi,2NSG.NOM,
cfcff5b9-2519-4132-bb82-5e1ea191a05f,zar-nen,enter-I|II.PL,
120552be-21aa-443e-8f33-da97e3a13985,-amalla,-AUX.PRS.1|2PL`S|1|2NSG>PL,
273663a4-4316-4e08-9798-73aa4b94869b,ngänangäna,crying,
349563ec-fe7d-4b9c-93a9-8a36bbb742f3,d-ä-ngäsmäll-än,REM.TR-RT.EXT.INTR-return-REM|FUT.3SG`S|A,
9fdc1f5d-f25b-4464-996d-64bc2d6b805a,d-ä-ttäm-n-än,REM.TR-3NDU`P-burn-NPFV-REM|FUT.3SG`S|A,
221f74cc-4039-4c6a-bb41-f1f102a895d6,ttängäm,place,
4d098879-85c3-4988-b207-55c3596e0c39,dɨdɨr,dried,
5fb11f6e-92af-44a8-9e81-6cbcf160d7cc,d-ä-bez-neg-än,REM.TR-3NDU`P-dry_up-SG>PL-REM|FUT.3SG`S|A,
52232515-9728-4214-9dae-ad1fd8b55b7c,källäm,pond,
3c0adef3-f204-42bd-8b5b-04a065a8449c,wallemäg,watersource,
a10caecb-4956-484f-bcfd-0018910994f2,orbam,pool,
8ccaee8c-1f87-463c-b5fe-0a5f2063be9b,,toponym,
f165f98f-dda8-4cf0-8507-4fc0d76edb6f,petapeta,thin,
287016df-48a5-4631-a91a-6cfcbf7a25e9,kottllam,turtle,
84605d4c-4680-4952-9433-2be1729a28e1,giddoll-nen,live-I|II.PL,
61172548-274d-4b37-b29a-6504022156f7,d-a-zer-n-än,REM.TR-RT.EXT.TR-live-NPFV-REM|FUT.3SG`S|A,
3abf3b46-bc8a-4551-b123-f22ea9f1f975,kälae,small,
71b2a93f-9dae-428b-a6f4-8d6217224df4,g-o-wenseg-än,REM.INTR-RT.EXT.INTR-leave_alone-REM|FUT.3SG`S|A,
c79f8433-d439-453e-9bb2-bb0a35937e50,d-a-dro-wän,REM.TR-RT.EXT.TR-die-REM|FUT.3SG`S|A,
f79561ac-7b91-4f46-b1ab-13a5e65766c0,aebe,RST,
9af3744d-c067-45c8-9b32-95f1708e7db8,d-a-gir-n-än,REM.TR-RT.EXT.TR-stay-NPFV-REM|FUT.3SG`S|A,
2322356a-5157-418b-b775-fc98290ab452,g-o-ngno-meny-n-än,REM.INTR-RT.EXT.INTR-think-III.PL-NPFV-REM|FUT.3SG`S|A,
236d5894-3102-4d4c-9116-0c3aa0c81dde,ma,house,
0e75c8d9-fc9d-4aea-ab01-94824eff1290,ili,where,
7a99a8e2-3e27-410b-a211-005fd7ffc959,ngämlle,1SG.dat,
9458f178-6cbc-4cf4-b690-1674a0b83523,giddoll,live,
86b08351-0e22-4314-bb7c-5dbcdbca3fe1,llokttang,difficult,
6ff2e0c1-7b90-4263-8076-e0c1d1e7b845,da,MED.DEM,
9c5e3c54-00a9-46d6-b63d-ffb56d0573cb,d-a-plläg-n-än,REM.TR-RT.EXT.INTR-fly-NPFV-REM|FUT.3SG`S|A,
76367206-4ec6-4910-8dc7-dc60d5088fc8,tuk,air,
857f16d7-b4f4-464a-8d73-7820cc0bb5ba,era,which,
7d8d0101-0461-4b9d-9fb6-a617d888751a,d-a-plläg-än,REM.TR-RT.EXT.INTR-fly-REM|FUT.3SG`S|A,
61bee62e-3410-4135-9b06-e7cc7f1f9389,ddäg,back,
e85e89ba-6dde-4995-beb1-3b39974990bc,kutt,bone,
78ef28b4-74cf-4bad-a812-07542429f902,pälläm,visible,
19f33372-b366-42d6-a525-134e89ac8ac7,d-a-ngnoe-yän,REM.TR-RT.EXT.TR-ask-REM|FUT.3SG`S|A,
c7cd7ccf-ca92-4d61-8af9-1382996ea8c3,mu,reply,
3734d5e4-08e1-4f9b-8e9b-eadec362e66c,kandärmang,sorry,
0f081434-a8b3-4c75-8781-7bcf7617e899,giddoll,live,
b879a4bf-d124-40f5-9d7c-01a08caa4479,g-o-lläntmeny-än,REM.INTR-RT.EXT.INTR-tell-REM|FUT.3SG`S|A,
4b52f390-de57-4b0e-8f6e-fcfb4621e94c,kandärmang,sorry,
61ae12fa-ffa2-4f26-9b99-a37b806d5a4d,b-a-ngmingg,FUT.1|3`S|A-RT.EXT.TR-help,
13ed9075-0fbb-4002-acc7-95da02e6e8e3,duli,there,
36591f90-4d86-4062-8966-bb54203c7b0e,mullamullae,every,
eca1d8f0-b7bd-4a08-b7f2-b3b42fbe4d2a,b-ä-gag,FUT.1|3`S|A-3NDU`P-AUX.NPRS,
fb34a62d-9869-4456-b802-ecb2bc9f3f84,bablle,2SG.dat,
f560c852-06ae-45da-8547-407ab7fa9723,ngämi-ngg,help-III.NPL,
c29ae1f3-8206-46f3-9b86-980382c2f240,d-i-ngällbän-än,REM.TR-VEN-get-REM|FUT.3SG`S|A,
0d8dee3e-1c67-4beb-a97d-b6a9ec549211,g-o-ngttä-g-eyo,REM.INTR-RT.EXT.INTR-arrive-III.NPL-FUT.2|3DU`S|NSG`A,
14b5a427-e97f-4e0b-b805-6092662b8546,ngämi,1NSG.EXCL.NOM,
3555dda1-2ae5-4028-869a-9408eb7833a4,b-a-tram-eya,FUT.1|3`S|A-RT.EXT.TR-carry-FUT.1DU`S|NSG`A,
2f3c0e25-b551-4db5-83f4-06a47e660fc6,sabi,law,
d33d88e3-ecd0-42e1-95be-da2d883a1417,n-o-ngkollmäll,FUT.SG|3PL`P-3NDU`P-follow,
b4f62428-2d78-469b-b92d-2668473c4429,muda,PROHIB,
de714a9b-3e48-4cfd-b330-fa19bc9584b9,ttätt,right,
85d04694-2a15-48c3-9ac3-0cf131af4f53,gall-ab,open-IV.NPL,
d2d04785-8462-464b-a7d2-33ae8f8a5838,d-ä-tärpän-än,REM.TR-3NDU`P-cut-REM|FUT.3SG`S|A,
84e1d6a5-ff44-4f0c-8cb1-00d1d797cc62,bod,mouth,
db3bed05-0712-4e85-8b9a-54a7b945f2db,mäll-am,hold-IV.NPL,
2697617e-9cb7-4b54-8863-86e1a79eb073,komlla,two,
f50f4dc1-4444-43a2-81f4-6057b1bc6082,d-a-mllam-eyo,REM.TR-RT.EXT.TR-hold-REM.3DU`S|NSG`A,
1576bfb5-63b0-4a61-ab36-19a2319b7d57,ttälle,leg,
62e1617e-a95e-40e9-bb3e-7a0b1a368781,paplläg,fly,
78661f16-5d4f-4b05-9a13-0d0f1f36d15b,g-o-ngk-am-eyo,REM.INTR-RT.EXT.INTR-start-IV.NPL-FUT.2|3DU`S|NSG`A,
c2203f96-c9f2-448e-ae0c-77e0ee38a23f,dowae,proximity,
fcceaa83-554b-4b64-bc0e-cd5ded601757,maduma,village,
b9d0c47c-eba8-4b4e-8fad-a8fd2a336b8d,d-ä-lltaem-n-än,REM.TR-RT.EXT.INTR-arrive-NPFV-REM|FUT.3SG`S|A,
f91218d7-0ad6-43b4-a6ad-eb625dbfecc0,mäse,IMN,
e52e05b8-834b-49f6-9f77-935f9de7a416,ekapanypeny,speakspeak,
c63aa306-a4e3-40a2-a300-872d48f52e36,ae,ah,
01a6d665-f709-4667-a04c-1192e62a2447,gonyo,here,
a5608151-408a-4c9c-a2b7-64e7f03e4132,ekaklle,ground,
4b8ff870-c84b-4bb5-a466-4bd04c0d4368,enanae,forever,
4e112cc9-a4a0-4ca6-a1c2-46887fa853aa,g-o-llom-än,REM.INTR-RT.EXT.INTR-break-REM|FUT.3SG`S|A,
6d51c14d-e30f-4176-812e-8c29dcf2a063,käla~kälae,ADVsmall,
e19017b6-b6c6-458c-9dab-fe9708fc9aaa,päre,sadly,
ecb5d66e-c03a-441e-a037-ed229a32ed62,gollob,turtle_shell,
e41bc2a7-5e3a-4505-967a-55a0e3bea88e,pallkepallke,pieces,
42e9ee84-6f18-4296-9e60-e6f2a6701ff7,d-ä-ddäga-n-eyo,REM.TR-3NDU`P-put_together-DUR-FUT.2|3DU`S|NSG`A,
75a22b3f-5527-40ea-bfd2-a96c46a7d028,kame,again,
c5929460-50fc-4364-9381-86a8cbe3e5c7,g-o-ntäbemeny-neg-än,REM.INTR-RT.EXT.INTR-instruct-3PL`S-REM|FUT.3SG`S|A,
67f63f59-180a-4221-ad38-132c9f32b2f0,d-ä-tr-am-eyo,REM.TR-3NDU`P-carry-IV.NPL-FUT.2|3DU`S|NSG`A,
478e3401-b553-4242-8aa6-5b91ecac88d6,d-a-inttemongg-eyo,REM.TR-RT.EXT.TR-let_free-REM.3DU`S|NSG`A,
5fa50d8b-e918-4a2d-9445-21410b9b6395,tupi,long,
bf14a91f-b354-437f-8d7d-75bdff2e91af,ttongo,one,
4e79305c-3a36-4c29-8249-846015f27515,Piasorosoro,male_personal_name,
4b33f108-cf67-4457-89a9-ae813648a1de,mälla,wife,
59706299-d2db-4672-9d5f-ecf249a2c12e,walle,COM,
9b319720-5b7f-4122-b322-e7e6500e4050,d-ey-a-gir-n-eyo,REM.TR-DU`S-RT.EXT.TR-live-NPFV-REM.3DU`S,
9d8adf60-7939-446c-9ea3-481fd5d3ba7f,goeg,garden,
a6cc93d6-8fbe-415b-b79e-dd63af3362d0,ta~täräp,INFcut,
ca41e183-29d7-4ecd-8dcd-cb99e3907156,mälla,woman,
ac99428d-1ebd-4c34-a555-3162e8087ff0,b-ey-a-r-eya,FUT.1`S-DU`S-RT.EXT.TR-go-FUT.1DU`S,
c2328c26-2b9b-4f04-82bd-8368c2d2ab6b,goeg,garden,
e82ab7e2-846e-44a3-b523-bc31375a91e5,kumuddäga,three,
ee9eae6a-6d91-4688-8a8e-f57003491e72,sande,week,
e8cd99f2-1d24-4312-ae26-66ac287c2d40,b-a-emponongg-eya,FUT.1`A-RT.EXT.TR-burn-FUT.NSG`A,
6d0c00d5-dcd4-4736-a6fe-f19a896668cb,ai,good,
45a92e44-5744-4b10-9925-c08fcec2130b,gullbe,husband,
894d3a24-7ac9-4d1a-b849-e07a4784da92,alläp,kundu_drum,
3855e741-8f06-4469-9326-47552cf288ab,banggu,headdress,
01b8bb44-e809-4027-99ef-45f6602c1288,da,ACC.CONJ,
5545c3c1-3f48-42d1-a93b-2a2e4808f4cb,pite,grass_skirt,
e8c680f6-af41-418b-807d-b5ebe0c514c4,d-ä-nglläb-än,REM.TR-3NDU`P-get-REM.3SG`A,
923d5c08-ee69-41ab-945d-40a3e6cfc6ff,däbe,that,
41eb2ce9-5c09-4ee9-bf2a-f1ebd998050f,d-ey-a-r-eyo,REM.TR-DU`S-RT.EXT.TR-go-REM.3DU`S|NSG`A,
c191023d-04ef-4afa-8166-5fad6cbb0777,ttängäm,garden,
f2d0725f-1509-4069-ade5-5fc3fc369dfe,Mälla ause,old_woman,
db9e68e3-7c91-45bf-9fe7-c7a11df080e6,polle,fence,
e989933d-0920-43f5-a763-ded09d9881ad,ddäg,outside,
f5366052-3a8e-46ce-b353-d2b7c9171a7c,n-a-gir-ne,FUT.2`A.3`P-RT.EXT.TR-stay-NPFV,
13ea12ca-2d2f-4a2a-93bc-309548a0bb11,d-ä-ntäbemeny-än,REM.TR-3NDU`P-instruct-REM.3SG`A,
37929f00-88b4-40bf-9377-62ce28a38de1,abo,must,
af7f4c3d-133e-4c3b-ab22-d3c8b868706f,n-a-empono-meny,FUT.2`A.3`P-RT.EXT.TR-burn-III.PL,
20cf99f7-f67d-484f-8a96-9de91d996ca3,ada,COMP,
a19f35f3-769c-424a-a9b3-53f553625545,n-ä-ttemän,FUT.2`A.3`P-3NDU`P-finish,
343bbf84-eea6-4f40-aa9a-cc52801b6ea3,b-o-zen,FUT.1`S-RT.EXT.INTR-enter,
90e35f8b-58ac-46cd-8e35-c6d14a588130,b-o-mätt,FUT.1`S-RT.EXT.INTR-wear,
b7de29ef-0486-4f46-8d9c-8ded41cfeba2,eka,sound,
17963578-ea3d-4521-a573-6604f31c8258,b-o-ngk-am,FUT.1`S-RT.EXT.INTR-start-IV.NPL,
c531baec-9b96-43df-9a8b-756e90af0daa,dun,drum_sound,
31d13e10-abe6-469d-9d6b-90e92528467e,adame,now,
a0e946e5-5c2e-41de-8498-b806a2dbc717,b-a-empono-ngg,FUT.1`A-RT.EXT.TR-burn-III.NPL,
81fe36c0-e53d-42cc-b575-b7440cc1309e,d-a-gir-n-än,REM.TR-RT.EXT.TR-stay-NPFV-REM.3SG`A,
95281c93-cd34-4075-9322-7844f49b6704,dibaballe,from_there,
3676a954-28f1-4e1d-a25a-3d98bd733545,g-o-emponongg-än,REM.INTR-RT.EXT.INTR-burn-REM.3SG`S,
69e312d3-c5e1-4bf9-a809-387b4b2a2974,d-ä-ttäm-än,REM.TR-3NDU`P-burn-REM.3SG`A,
9deb40a7-1196-47b5-a6bb-84b8373ef12d,kullkull,grass_fire,
780def0c-9605-4403-a91b-53e49b00ead1,ingong,dance,
9a4d5f8d-b245-449b-aa15-997fa9a02784,d-e-ng-n-än,REM.TR-RT.EXT.INTR-dance-NPFV-REM|FUT.3SG`S|A,
b00a5773-a0b3-428f-8ca5-e4fb4eeda87e,bandrabandra,singsing,
a3c9c062-35e0-47b6-9775-dd362b88e95d,ae,INT.VOC,
a86f774d-4ef0-44c6-8b1f-3dd5513c374e,ao,yes,
wo-voc,=wo,VOC,
b91d5095-041d-475d-b3b4-5bc118d9f454,o,VOC,
78cccb49-31ad-4699-9d50-357af2af5cbc,d-ä-ttemän-eyo,REM.TR-3NDU`P-finish-REM.NSG`A,
af559f1c-2491-4790-9efe-4950b52134d8,g-o-ngos-eyo,REM.INTR-RT.EXT.INTR-return-REM.3DU`S,
97dc5559-4cab-4963-82db-727e5b09bfc4,ikop~ikop,looklook,
f4f01ad6-09d4-4cf6-a140-88c53c692a78,de,there,
08c31723-3101-4ce1-b451-9979488e8890,amike,who,
7e5df5f9-4ea3-4b82-9f98-0db29fe4ea64,n-a-empono-ngg-allo,IRR.SG`P-RT.EXT.TR-burn-III.NPL-IRR.NSG`A,
d25f268a-a123-49bc-b4d1-7a8694df4140,d-ä-ddäg-n-än,REM.TR-3NDU`P-watch-NPFV-REM.3SG`A,
e705a8ba-27e1-4939-8f24-c9ba533bd271,mälla,wife,
3edf51c7-060c-4be3-961e-321170244ecd,b-ä-terp-eya,FUT.1`A-3NDU`P-cut-FUT.NSG`A,
57d8f76d-de0c-4bda-84bd-79a1258fdcaa,d-ä-terp-eyo,REM.TR-3NDU`P-cut-REM.NSG`A,
de862134-5db3-4645-b5da-ef6b63fee549,dɨdɨr,dried,
3e7da467-ab2e-4916-9509-14a53bd501d9,ponongg,set_on_fire,
c67c555b-3c7a-4f64-8073-a2efbc45450a,penomeny,set_on_fire,
003d230c-0a39-4314-aaca-5ee4f4441e4a,däbe,that,
0bff50d7-1133-4e60-bd7f-a7df7348352d,d-o-kom-än,REM.TR-3NDU`P-bring-REM.3SG`A,
8d8c69da-670c-4688-8d4b-63c777df6f40,to,loanword,
ee30692c-1a7d-4108-a56c-e211c12a4cfb,mälla ause,old_woman,
34695658-c964-43a9-b44f-21b320e658c0,abo,must,
573f333a-db0a-4c58-84fc-6b878446bc79,n-a-empono-ngg,FUT.2`A.3`P-RT.EXT.TR-burn-III.NPL,
35971b3e-d6d8-49f5-9a00-df599b5d78ef,da,if,
53d3e270-ed7d-4f65-9824-507598987717,b-a-gir-ne,FUT.1`S-RT.EXT.INTR-stay-NPFV,
096fd2f9-6eb8-4323-a0b8-516e72d65ea6,b-e-ng-ne,FUT.1`S-RT.EXT.INTR-dance-NPFV,
bcafd8d9-e8ff-4117-9581-a4234e6cd1d0,d-a-empono-meny-än,REM.TR-RT.EXT.TR-burn-III.PL-REM.3SG`A,
76319caa-97cf-4bbf-80f2-1d6baaa86fa8,g-o-mätt-än,REM.INTR-RT.EXT.INTR-wear-REM.3SG`S,
0dc2ff29-89ee-49a6-b451-0860c31af98a,gazen,come_out,
6de494d4-0b59-45a2-92ca-d27c32d31190,ttä~nttäm,INFcook,
534c016a-7b6a-40b5-b02d-d18ddf03ed98,tära,finish,
92851c71-8a3c-471d-b979-195d1ec57e42,d-ä-ttemän-än,REM.TR-3NDU`P-finish-REM.3SG`A,
e273093c-654c-414c-ba7d-bbe6f72e8ae2,aräre,scream,
c9d4ac95-263e-43af-8f03-51e5ec665bc9,d-ä-ttäm-än,REM.TR-3NDU`P-burn-REM.3SG`A,
0aead1d6-61e6-4f83-866f-922766aa57ae,llamda,old_man,
a5b42498-0df4-4f39-818a-e5746d744d6b,zɨme,IAM,
cc9d3508-3f87-4a16-802d-f3bbcbd69262,tärpa,cook_roughly,
db205e4e-54fe-4078-a68f-78be6f98b89a,n-ä-gag-an,REC.SG|3PL`P-3NDU`P-AUX.NPRS-REC.1|3SG`S|A,
7cbe7490-10fd-4a40-82ea-ab2f5b7294b8,bandra,song,
d89d30e9-636e-4cff-a211-12fa85e1e4f6,ero,where,
3b6e415d-221d-47ee-b764-d0be9309d9e5,ke,Q,
c6ecd337-9dd5-44ce-811f-ccad501bd5b3,nga,now,
5e78dcf8-88a9-41f2-a8de-3f0e3ac4f1e3,g-o-g-aeb-ne,REM.INTR-RT.EXT.INTR-AUX.NPRS-PL`S-NPFV,
c3fd04a7-4ea7-4e82-8fcf-bca9989c5c69,o,oh,
c0323c42-ede5-48b7-b86b-0313257135b6,amom,who.SG.ACC,
7094cc76-ddc8-4acf-9eae-5457a2c409fc,aen,who,
26d81565-f954-4ed3-a045-f8c81b7e6adf,olle,shout,
29039ff1-05ec-4df4-9c80-b875eec5e11f,g-o-ndär-än,REM.INTR-RT.EXT.INTR-hear-REM.3SG`S,
363ebf3b-d455-45f4-92af-57fb651ff380,d-ey-a-r-än,REM.TR-VEN-RT.EXT.TR-go-REM.3SG`A,
c5e142a0-d0d6-4051-82f8-7e6639de900d,alle,COM,
1b92acee-a4d9-49b0-9263-7abed14043b0,omad,best_friend,
20d6f492-cb23-4f23-8a34-ab9dedc9ce30,ende,what.ACC,
4822d5af-c832-42f2-9d60-bff087c2d8a9,eralla,AUX.PRS.1NSG>3SG,
00d8d860-7a7b-4f6e-b083-72bbac51e490,ai,ah,
ebb93222-be08-4f52-bb34-e9c50fd9693c,ikop~ikop,looklook,
eb96fa16-67f2-41ac-849c-d9913f2beedb,käsre,then,
ed445e76-eadf-4300-8fc7-d4f8fb76fcd5,d-ey-a-r-än,REM.TR-VEN-RT.EXT.TR-go-REM|FUT.3SG`S|A,
22453920-0404-4f73-a0bf-4cd4a19acb36,pa,bird,
766f41e8-299c-4f7e-9321-bc90552c3185,kom,feather,
4e746c5f-722a-4b40-8cda-f99fe6db60d5,d-ä-ga-wän,REM.TR-3NDU`P-AUX.NPRS-REM|FUT.3SG`S|A,
b56e240d-40f4-432a-8b77-8bf46afd021b,ttälle,leg,
0d59025d-f3fc-43f4-a964-f4c0b6588fdf,bun,head,
5b37610e-8f57-45ce-8e32-8934aada5aee,opa-nen,jump_over-I|II.PL,
255c107c-e9ee-4636-b08b-dabaff786b09,adawalle,from_there,
00f10f18-a6c6-4faa-a59f-a6ab816725cc,g-o-nglläbän-än,REM.INTR-RT.EXT.INTR-come_up-REM|FUT.3SG`S|A,
daa6112c-01ec-4366-acfc-4f4f2870618c,llama,other_people's,
aene-3nsg-abl-poss,=aene,3NSG.ABL.POSS,
4930ab56-fd0a-440e-a6a4-af1429c8a611,tto-nentto-nen,collect-I|II.PLcollect-I|II.PL,
668415a2-2396-4687-97ab-995fc927582f,o-kb-ab,FUT.INTR.2S-stop-IV.NPL,
b1b84c6a-036a-4239-8514-39e310f8767b,dade,EXIST,
4e09862c-4dfd-453f-9de9-53034be36d6e,ami,who.NSG.NOM,
5f65b3f9-56fe-4996-b0ac-7bf80dedc8c4,gudae,earlier,
34dbe474-ba52-4493-9cb0-fcbcbc02b9bc,d-ey-a-gir-n-eyo,REM.TR-DU`S-RT.EXT.TR-live-NPFV-REM.3DU`S|NSG`A,
6ccca915-93ad-42fe-8138-1441c4e15610,ddage,stream,
dcdc354d-d5d2-48ae-97f7-a985bc044e7b,menae,side,
156e372c-d358-454f-860b-36141321e152,pollgo,frog,
226f779f-4948-4672-b900-33006320f3b1,guzi,lobster,
2792c7c1-cae9-4dae-873c-accf02e6281e,giddoll,live,
78732bdb-0543-44b3-89ec-f83a6cde2d1f,indrang,bright,
b48e1170-46ea-4dde-a4cc-364bbf14a441,g-o-gezän-eyo,REM.INTR-RT.EXT.INTR-come_out-REM.3DU`S|NSG`A,
c204166a-ea41-4a1a-9dab-c89e0cefd497,g-o-g-n-eyo,REM.INTR-RT.EXT.INTR-AUX.NPRS-NPFV-REM.3DU`S|NSG`A,
20854acd-ac63-4d79-a59f-9156c9790a2a,ka,CNTF,
f577a1c6-2bce-48be-88a4-91e6c0d967b1,b-ä-g-eya,FUT.1|3`S|A-3NDU`P-AUX.NPRS-FUT.1DU`S|NSG`A,
052d7b45-9da7-4141-a3b8-c02891abe8fb,ddoneamom,NEGwho.SG.ACC,
d8c55159-98f1-4eb9-974e-f373c06a41ff,g-o-ntemeny-eyo,REM.INTR-RT.EXT.INTR-converse-REM.3DU`S|NSG`A,
5f3a6f9a-b5f8-458e-83fc-44c33746926e,zanggae,be_showy,
93532aab-a1cc-4210-891e-e90709e2b1a0,wälläng,bush,
8af498e5-78d5-4ded-b0d3-7974908f6d53,b-ey-a-r-n-alla,FUT.1|3`S|A-DU`S-RT.EXT.TR-go-NPFV-FUT.1DU`S|NSG`A,
51927287-40db-41ef-912f-b747c0e8e66b,wätät,food,
2e577a15-a5d1-4412-9abd-999614d3d57a,daebe==gaeya,RST==COP.PST.PL,
daebe-rst,=daebe,RST,
7be776fe-aac7-4e61-a73d-67713bb96776,ibeb,plant,
0a0e747b-8f57-49bb-98f2-86a01e604cb8,ikop,look,
43fff1bc-92a5-4e2c-a200-e226e0e47b27,g-o-g-eyo,REM.INTR-RT.EXT.INTR-AUX.NPRS-REM.3DU`S|NSG`A,
04edb199-3663-4d4d-a054-617a1c70788d,ma,place,
c1ea78c6-946a-44c7-93e9-18ceda45fe4e,i,ALL,
dca345f2-01a1-4d6e-b52d-7691dba01791,g-o-ze-n,REM.INTR-RT.EXT.INTR-enter-II.NPL,
09c81157-6193-413a-9978-96bafd53fef3,adade,like_that,
85055c84-424f-4f6a-9256-c7ae089666f4,wo,ripe,
edf15730-2097-4a74-88b0-1f3aa63a8a4e,obaoba,themselves,
8b609fd8-f9cd-496b-b8b0-30d99d49ed2e,g-o-ngnoe-eyo,REM.INTR-RT.EXT.INTR-ask-REM.3DU`S|NSG`A,
6953437a-a4c0-41ac-95cb-aeaa4b603fa5,aya,who,
18635b79-c13d-49fa-adb2-b4da002b1b14,b-ä-ngkäl-än,FUT.1|3`S|A-RT.EXT.INTR-ascend-REM|FUT.3SG`S|A,
6f52ea87-e221-483d-a888-536bea334e77,b-ä-ngkäl,FUT.1|3`S|A-3NDU`P-ascend,
a5681653-9965-44e5-afd0-120ef0e90aef,g-o-ntmon-än,REM.INTR-RT.EXT.INTR-wait-REM|FUT.3SG`S|A,
bca3b381-f680-405d-baaa-711e9100bf57,gälb-änan,fall-I|II.PL,
20dc260e-ba9c-4bf7-899f-67ed846b96df,tto-nen,collect-I|II.PL,
c1d33e59-5669-4ef2-9b2e-4f7cdeeab6a9,nyäng,bag,
8013491f-1a44-428c-b303-037a2c3f5007,d-a-zer-n-än,REM.TR-RT.EXT.TR-put_in-NPFV-REM|FUT.3SG`S|A,
882a9b82-5ae1-482f-bd02-a35ab2e16ec9,g-o-ngetam-än,REM.INTR-RT.EXT.INTR-come_down-REM|FUT.3SG`S|A,
80188aec-56c7-43b5-952a-80a13367c6c8,imne,afterwards; after,
e335a29f-e33d-480b-8cd3-337e5148c413,g-u-inttemängg-eyo,REM.INTR-RT.EXT.INTR-leave_on_the_way-REM.3DU`S|NSG`A,
4ed42b62-31cf-448a-9ed9-7441490a6c42,känazbag,tomorrow,
d6632c53-9449-41fe-ac43-91533382791d,b-o-ngos-eya,FUT.1|3`S|A-RT.EXT.INTR-return-FUT.1DU`S|NSG`A,
b8f53fee-4c3e-4b55-bd50-8a1235418832,kakab,leftover,
890a3191-c248-48f5-aec2-0a953f6d750b,ttam-än,finish-II.NPL,
9abcdfe6-741f-445b-b2e7-82e2212ae564,eka tameny,discuss,
4414fa76-e3c9-4989-bed6-ce8c9aa9c643,zizag,owner,
cfa1cc81-d253-4b66-8961-51cf04446725,dedam,then,
66bd4f25-85a6-467a-b85e-2ef6b775ead0,gälb-nan,fall-I|II.PL,
1db392e7-90c9-4487-8661-dbf53924bc2c,kili,happy,
78b4d484-b9a0-4291-a11b-053541cc6804,O-o-o,oh,
46430bce-1677-443a-af83-c3221ec92cf3,a-g-n-an,REC.INTR-AUX.NPRS-NPFV-REC.1|3SG`S|A,
51927087-b08d-4522-8f7e-f6bc6903b3d7,O-o-o,oh,
b2e32050-ae9f-4873-aaf1-229f5385b3b6,ttongo,next,
5c09d68f-148c-4e04-bf02-c19e3c52a66a,gudae,early_morning,
bb900087-e0d9-4c83-98e4-abf81820416e,golloll,behind,
4132866c-e0ee-4d43-aba0-d13bbf9f6ad4,g-o-tgol-än,REM.INTR-RT.EXT.INTR-hide-REM|FUT.3SG`S|A,
d3919bd4-f22c-4d48-8bcc-53debf8e65c7,ikop su,peek,
658b0ea5-4d55-4212-b859-d82e114081b9,känyertto,,
2b26827b-ec32-4dc8-af43-f56e8494c525,ubira,3NSG.dat,
fbc78f7a-6207-42aa-af2c-10579bccc5b9,d-ä-gleb-eyo,REM.TR-3NDU`P-take-REM.3DU`S|NSG`A,
95983c23-c2d8-43ba-a852-e981ae559b84,togol,hide,
e0e1db1f-8877-4e0e-ae7c-3701b5575f07,lla-yabaene,person-3NSG.ABL.POSS,
066df56a-287e-4ff0-825d-03e649fa5a99,nineyem,whisper,
2fc1c47a-faee-4f7b-90c4-2690a44f8de9,d-a-ndär-än,REM.TR-RT.EXT.TR-hear-REM|FUT.3SG`S|A,
16341823-1618-4187-9ce2-f33f668fd3b6,g-o-nserbe-wän,REM.INTR-RT.EXT.INTR-prepare-REM|FUT.3SG`S|A,
e8294f24-36c2-4e1e-81d5-58377fb53a4b,g-o-ngttäg-mäll-n-eyo,REM.INTR-RT.EXT.INTR-arrive-DUR-DUR-REM.3DU`S|NSG`A,
d8f0711b-0142-493d-a577-1a23b8f34f15,ttättle,straight,
7018f107-2862-48c2-9e87-0491a18821f7,eraerany,screamscream,
5acc0d32-0c22-448c-9e1f-5b64113c298b,d-i-pnur-än,REM.TR-VEN-start_running-REM|FUT.3SG`S|A,
8fdbdff4-be64-4039-9393-177a31f761e4,a,NOM,
1606f72d-6491-4e82-8a13-06994585ba30,gänya,this,
geyo-cop-prs-du,=geyo,COP.PRS.DU,
61cef239-a003-4113-b15d-222d666ca4ae,g-o-pnae-eyo,REM.INTR-RT.EXT.INTR-turn_back-REM.3DU`S|NSG`A,
2c2a6df9-23d5-46fb-a919-9d348d83a269,ngäse~ngäs,ADVreturn,
e-all,=e,ALL,
b2321258-726a-468a-bde3-4efbe332de0c,d-indug-eyo,REM.TR-run-REM.3DU`S|NSG`A,
3f93ca90-e446-4193-b4de-037d1978317f,dɨdɨr,brown_(dried),
774ee449-1f05-4172-b2d9-20ea52ad457a,g-o-togol-eyo,REM.INTR-RT.EXT.INTR-hide-REM.3DU`S|NSG`A,
eeed6f81-b8cf-4ee6-b4f0-dd7a2cfa6666,olle,shout,
fae6c2c0-9ec9-4520-b32d-10c0aa60a828,d-ey-a-g-än,REM.TR-DU|1PL|2PL`P-RT.EXT.TR-AUX.NPRS-REM|FUT.3SG`S|A,
6f01900e-5065-46ae-a27e-69c007e93a0e,y-a-r-eyo,VEN-RT.EXT.TR-go-FUT.2|3DU`S|NSG`A,
o-oh,=o,oh,
a6908d14-ee63-491b-8131-79390d94371b,y-a-r-eyo,VEN-RT.EXT.TR-go-FUT.2|3DU`S|NSG`A,
c8c2e62f-2716-420a-8097-842f90aa187d,pate==o,AN.ALL==VOC,
pate-an-all,=pate,AN.ALL,
9ded15cd-ca02-4175-a817-2330e3f81cfc,g-o-ndär-eyo,REM.INTR-RT.EXT.INTR-hear-REM.3DU`S|NSG`A,
eb479bcf-b336-4255-a726-43f227f0fd08,kälepalle,slow,
fbcade4e-2b78-42fa-a7bf-76336d141bd7,ubim,3NSG.ACC,
9418c6f8-45bd-4103-8c62-0d764f77fd22,ngonoenen,ask,
e9ae3651-6e35-4208-8764-82c16d2aa369,d-ey-a-ngk-am-än,REM.TR-DU|1PL|2PL`P-RT.EXT.TR-start-IV.NPL-REM|FUT.3SG`S|A,
c3dca037-05c9-4035-8881-8cd37e0ba2e5,n-ä-ngkäl-an,REC.SG|3PL`P-3NDU`P-ascend-REC.1|3SG`S|A,
a74b1a88-b80b-4d5d-9072-640f12f4a85f,ddone,NEG,
d5a47029-c10b-47db-82e3-63f1e4e72ac4,g-o-nttam-än,REM.INTR-RT.EXT.INTR-confess-REM|FUT.3SG`S|A,
4afacef6-90bf-4baf-8d88-5d3f5b204dad,ddoneada,NEGlike_this,
cc9d5037-a377-47d4-98d2-41346c21792d,gäbägäbän-mäll,jumpjump-DUR,
2206128b-4776-405e-97b4-99052aac82c0,g-o-lläb-än,REM.INTR-RT.EXT.INTR-go_under-REM|FUT.3SG`S|A,
2df673e0-14ee-496f-a208-6ee906a7fc0a,d-ey-a-yag-än,REM.TR-DU|1PL|2PL`P-RT.EXT.TR-search-REM|FUT.3SG`S|A,
941863ef-6efa-4cc2-a7a2-0f7b03700766,d-ä-blle-wän,REM.TR-3NDU`P-find-REM|FUT.3SG`S|A,
b9355df5-93b3-4b2f-b965-b18b4fd3ac66,d-a-ude-wän,REM.TR-RT.EXT.TR-light_fire-REM|FUT.3SG`S|A,
c7fe4661-2b13-46e6-a2a1-d57f49d7a1cb,d-ä-mattgal-än,REM.TR-3NDU`P-put_in-REM|FUT.3SG`S|A,
5b144eaa-6294-47e0-b114-759bd4cde4d9,nag ttoen,friendship,
a28d8bb2-a71f-4693-a369-0e16d4bafa3e,däd,there,
3467131a-f1b2-401d-9012-f19fd18f176e,llätt,stop,
47202988-4f5c-4742-a8af-015c0fcc0b29,g-o-pälltt-än,REM.INTR-RT.EXT.INTR-start_walking-II.NPL,
7b087243-ba8e-42b3-a1dd-72a8bc4258b5,d-a-lle,REM.TR-RT.EXT.INTR-go,
1eebac59-8c0e-4ea5-9609-90b2267923f1,gull,net,
0440e2f8-1b08-4bf7-a18d-3481ad785114,oballe,3SG.COM,
5fb75df0-0e9b-493f-a184-e3e087f50e00,imne,behind,
e7782107-8f1f-48ac-babe-b72c2b85fdff,Sokola,female_personal_name,
a3ecdc98-8961-4e11-9f79-483943161301,d-ä-gag,REM.TR-3NDU`P-AUX.NPRS,
ade70f7f-4e2c-4e79-ba32-1ba8fc52958b,b-ey-a-r-eya,FUT.1|3`S|A-DU`S-RT.EXT.TR-go-FUT.1DU`S|NSG`A,
e41aa997-f35d-4b2f-8efc-5fbadede3560,nett,net,
c21de7ff-7bba-4c8f-8bec-f699fef2393d,irängän,lift_out,
bd9894c1-c9fa-4dbb-9a27-8197ea9f07f5,d-ey-a-r-eya,REM.TR-DU`S-RT.EXT.TR-go-REM.1|2DU`S|NSG`A,
a81fde59-a7e9-4138-8d4b-027a69f605af,gall,canoe,
505417ff-fb0f-4bee-8fc3-ec2113470501,tap,dock,
739b8348-49bf-4c97-ade5-0b81577bb75e,gall,canoe,
3b34e429-11bf-4688-9071-255956c965a5,g-o-kakal-eya,REM.INTR-RT.EXT.INTR-board-REM.1|2DU`S|NSG`A,
21944473-e472-4901-99da-0bfaa06f439e,d-a-gllae-eya,REM.TR-RT.EXT.TR-paddle-REM.1|2DU`S|NSG`A,
ab208d04-70e6-4e3e-bfe2-80ca67a6cbe6,ikopse,prayer,
cb54f639-01d6-4983-b913-7f450c8b8fc4,g-o-g,REM.INTR-RT.EXT.INTR-AUX.NPRS,
4007d067-4659-42c1-bbcf-7af8528cc860,baba,father,
52b6a5f4-7c31-4f8a-a16c-b09c8eb91500,ngämlle,1SG.dat,
0aceae8b-c62b-4294-a79a-5da9cbf2aa11,b-u-itt-neg-än,FUT.1|3`S|A-RT.EXT.INTR-catch-3PL`S-REM|FUT.3SG`S|A,
2b646ef9-baf4-4fab-b4e0-bb902b6db1f4,tämamae,all,
73864ba6-e365-4711-9a1c-5f4c8cf8e2c3,zizag,owner,
fb6f96f2-9445-47ef-a5d4-da255d93ec82,bongo,2SG.NOM,
wae-rst,=wae,RST,
7c324764-e860-4068-878f-06dcd5e00716,ngämi-miny,help-III.PL,
45705e35-b24d-4724-b827-461c3bb10881,anggalle,AUX.PRS.2SG>PL,
2b29a015-4aa5-466b-bb0a-930b26eea961,d-iräng-än-eya,REM.TR-lift_out-II.NPL-REM.1|2DU`S|NSG`A,
c0c171a2-9451-4622-a45d-4a8d960186f1,bunkuttang,catfish,
8057abac-17e6-475b-9f72-e7140ff4be3b,g-u-itt-än,REM.INTR-3NDU`P-catch-REM|FUT.3SG`S|A,
0beb19e2-21b8-4f84-b95a-17f7cd1e48c5,sära,tail,
09e1114e-469f-4cb2-be25-ae002e50a0a0,torpoll,piece,
e1f6c46f-2028-413b-8fca-a3a5c429d3fe,käza,crocodile,
ee863518-e307-4ddf-8bce-82e7866dbe27,d-ä-ddäg-än,REM.TR-3NDU`P-eat-REM|FUT.3SG`S|A,
2f7ddfef-fbfa-4f49-b0d1-fe8e32589bb3,sära,tail,
c0d54043-52a3-4274-9084-5725a722e34f,torpoll,piece,
cdfbd16a-1e63-4a51-9a82-4c9de25ab361,d-irngän,REM.TR-come_out,
28a471d0-8c25-4993-89e3-233df8ad0347,d-ä-zan,REM.TR-3NDU`P-put_in,
9e84e259-9d86-486a-8605-1c29f4879f8e,b-ey-a-r-eya,FUT.1|3`S|A-DU`S-RT.EXT.TR-go-FUT.1DU`S|NSG`A,
8effa976-75be-4ac7-8680-a7b6455ecabb,ikop,see,
13b3739a-a05e-43e9-b973-0a9432cd6224,täl,bamboo,
cb857a3d-0782-4876-8d98-c3f36fd26070,ngämaene,1NSG.EXCL.ABL.POSS,
919d8a00-2607-463f-a37f-bd4a1ee50dc1,n-ony-an,REC.SG|3PL`P-carry-REC.1|3SG`S|A,
57bf3aac-9d0b-479e-ab52-bd45cc69cd99,Sokola,female_personal_name,
e47e3431-30ca-4654-a2f6-9ea393f75e00,da,MED.DEM,
ed2b2ea5-bf6e-4742-89a8-81cc9daf7803,tawa,swamp,
6a272d69-140b-4ab3-9753-a433c45d1a31,b-o-g-än,FUT.1|3`S|A-RT.EXT.INTR-AUX.NPRS-REM|FUT.3SG`S|A,
98ac7345-e51d-4c51-be56-c2e260c00f65,gänya,here,
2cc62749-978e-4296-a615-2fa55c7087ee,gällae-nen,paddle-I|II.PL,
d637e43f-7e6f-4c28-8a60-39ddd49d5012,itt-al,catch-II.NPL,
fc09474a-56dc-4684-af4b-e4880c19da43,d-ey-a-nykoe,REM.TR-VEN-RT.EXT.TR-pull,
f9cd0075-270c-42c9-a40b-012ad86235ae,rop,loanword,
22d7da4e-4208-4b93-9a23-7310c221862c,d-a-mll-am,REM.TR-RT.EXT.TR-hold-IV.NPL,
28c8be34-449e-401f-a13b-af2614842f37,kollba,fish,
15f4d10c-1240-47b6-aee7-96aec086795b,ke,CNTF,
44523315-1729-463f-86c8-2ae939664cc0,enda,what,
059af66e-9887-42a4-bdc9-4943534d8e8f,n-ä-nddäm-an,REC.SG|3PL`P-3NDU`P-drown-REC.1|3SG`S|A,
4fd4e6d9-22d8-41d1-b536-0de14d706fba,adawae,same_way,
b2fda91c-7947-42cc-adce-fc46864f4c05,däd,there,
dfd36d6c-33c1-43aa-bf6c-e68d22048902,bode,3SG.NOM.emph,
aabdfd01-f376-47ff-a6b0-fd4c43fb6de3,d-ä-nddäm-n-än,REM.TR-3NDU`P-drown-NPFV-REM|FUT.3SG`S|A,
740464b8-abcd-4085-8004-950f925af979,gäz,kill,
8c2e82d8-4970-4c2a-a40a-13c96740f68f,b-ä-bädd-eyo,FUT.1|3`S|A-3NDU`P-kill-FUT.2|3DU`S|NSG`A,
bfe0d142-3043-4f78-ac51-bb9dc662d6c4,d-ey-a-nykoe-ne,REM.TR-VEN-RT.EXT.TR-pull-DUR,
3817b334-7ef5-44b4-9559-faae65823f2e,diba,that,
e9828ade-08b1-4174-b45c-dac595d92d03,mängall,poison,
71c3d06e-dc7f-4de2-aceb-9cf7bca8e925,mae,RST,
04ce37f7-43c9-4766-8497-0af17afc7ce7,d-i-g-ne,REM.TR-VEN-AUX.NPRS-DUR,
40c00ff9-e029-4946-89c5-e3d33b0d2cda,enddäna,clearing,
e0ef8345-503a-4207-9fb1-e938b111b90d,ttang,hand,
720312e1-6961-4643-9c5e-98f8fb9c95bf,d-a-ddäg-än,REM.TR-RT.EXT.TR-eat-REM|FUT.3SG`S|A,
0f21271b-84a7-43c0-aa08-7c959a67a899,mamälldae,quickly,
0b471f81-891d-44a2-ae5c-3afb37806dd4,gänyeri,this_way,
8c1355a1-b9e7-48c3-9795-e7a343f7fee1,d-i-ge,REM.TR-VEN-AUX.NPRS,
4f6fffce-c6ac-4b19-9daa-2550b48f0d28,ttoe,skin,
69811662-3a23-4eb0-84a2-73d4f74e5c4f,daebe,RST,
18404c55-c05c-46c0-885c-91e80a55e276,d-u-kop-än,REM.TR-3NDU`P-peel-REM|FUT.3SG`S|A,
18de2d9d-4ba6-41b7-868e-159171327d3e,giri,knife,
e7977b15-48f1-48fb-b525-5378a7615d38,d-i-pirngän,REM.TR-VEN-get_out,
d4f717f9-d392-44b9-a868-88aa33790826,da,ACC.CONJ,
f8922769-7a40-440f-8ba2-15a649b6c893,tumku,back_of_skull,
f07b6579-aa63-4dc4-a677-a6c4824347c5,d-ä-bädd-mäll-ne,REM.TR-3NDU`P-hit-DUR-DUR,
b2dfc9ad-0db6-4634-b845-51bee4d7e9e9,gall,canoe,
59a01903-f3e9-44b2-ba9b-d188da07b24a,d-i-zen-eya,REM.TR-VEN-enter-REM.1|2DU`S|NSG`A,
b1731f37-caba-4191-ab70-8426a681f4ba,net,net,
f3ab091c-bbe8-4a99-8184-dc82c3aa8bdc,tubu,stump,
bcf8c2f3-4d84-48f3-af59-13834e353741,era,which,
7965c3b4-779b-4756-9ab7-fc2a3b3dbb4a,d-i-ngäd-neg,REM.TR-3NDU`P-fold-SG>PL,
9c65b0b6-3dfd-4864-97cb-adc4e27439a2,d-a-kone,REM.TR-RT.EXT.TR-cover,
15d89fb0-7420-4ab2-8f58-338377fa2959,dibaballe,afterwards,
69f3b4bf-c64a-4269-85c5-d88d67a552cb,ai,good,
f9ac46aa-42da-4a0d-af72-fce1f1342334,ibim,1NSG.INCL.ACC,
2ec8d538-1019-445d-81a9-57e15f285ff4,b-ey-a-ddäg-än,FUT.1|3`S|A-DU|1PL|2PL`P-RT.EXT.TR-eat-REM|FUT.3SG`S|A,
d418db3b-71ed-4a72-b394-75a250edba82,kili,happy,
29139989-c7b7-44df-acfd-6985c25f3052,iba,1NSG.INCL.POSS,
2a8caf3e-4b08-4673-b9be-67d44199730b,mäda,father,
62b01e40-a1bf-48a1-8ed7-59d1d9e27f73,d-a-g-än,REM.TR-RT.EXT.TR-AUX.NPRS-REM|FUT.3SG`S|A,
7340ae13-527c-4440-81fe-803fa7ca94f1,o,or,
6dd8cc64-307d-4f16-9b14-ede6b3bf5380,n-a-ntto-g-alle,REC.SG|3PL`P-RT.EXT.TR-give-III.NPL-REC.2SG`S|A,
48e1634f-8dc5-4f9b-9838-6260ef8328af,za,thing,
18a9faae-e9da-42b8-9b41-e96e84d3afb8,daebe,RST,
4cb3b51d-24cb-4ec2-8482-3eb0475acd60,d-a-gllae-n-alla,REM.TR-RT.EXT.TR-paddle-NPFV-REM.1|2DU`S|NSG`A,
7608bd58-3d48-41e0-8368-20a2a7915dc9,ngämi,1NSG.EXCL.NOM,
5df7ae91-b596-4cc0-b629-a4565d256afe,bandra~bandra,DIMsong,
6b2ef1f7-bf2e-4d12-8b26-0fd4dc1aa721,tap,dock,
a7d92b18-b604-4e1a-9ffd-63789b87cb34,d-ä-gaz,REM.TR-3NDU`P-take_out,
94aa5bbb-8bbb-407e-81cd-c22a3797280f,-mi,-LOC,
ffc2da48-c1cd-4dc9-994b-72653b65a185,net,net,
188e38c0-d6ff-4390-a336-41e748475c7e,tutu,land,
67eb2709-1131-473a-939e-9947b622bf34,d-ey-a-spun,REM.TR-VEN-RT.EXT.TR-throw,
7f1a2d7c-b63f-4ec1-bca5-c81567928fcf,giri,knife,
18e05cd3-3b2d-4f3d-a619-8b9283ef02b4,tupi,long,
8a0b5f9d-acd0-4d79-b8fb-8a41dff586fc,ume ttäp,mouth,
a0fade7c-9906-43ed-8467-58d7df1ecfe6,d-ä-träk-ne,REM.TR-3NDU`P-push-DUR,
af05b165-6bf3-499b-bb5c-03888cea4b9d,matta,shoulder,
66bbb6fd-2ef8-4000-9fe8-588ef654f516,gänya,this,
73047747-630b-496d-abfa-9856191b8f28,g-o-pällttän-eya,REM.INTR-RT.EXT.INTR-start_walking-REM.1|2DU`S|NSG`A,
48a73c85-d1f9-44ea-960f-fedb2b7e07f1,d-i-geg,REM.TR-VEN-AUX.NPRS,
10c97d50-0b25-4b8f-927a-b205342b3e3a,gänye-e,here-VOC,
9e881ac1-1952-43df-ad02-a47cac8838c8,tutu,mountain,
f142a2ed-a017-42ee-92de-97394cc46d5e,g-o-nyärab-eya,REM.INTR-RT.EXT.INTR-ascend_mountain-REM.1|2DU`S|NSG`A,
53ddea7d-baa1-4341-994f-e71df6c3f0dc,buddog,heavy,
3b1ae26a-d2ac-4146-a20a-319b5a4b50dd,mäse,IMN,
06c44477-5073-462a-b6dc-2ff975dee591,wony,carry,
fd6eed87-86c3-4cb8-b5f1-7432fa515ab6,g-o-g-eya,REM.INTR-RT.EXT.INTR-AUX.NPRS-REM.1|2DU`S|NSG`A,
39530b9f-f9a8-440f-b58b-f68c9a1badbf,Warama,male_personal_name,
7bdf3d98-c1a0-40d8-9f40-dcf0b52b0552,Sowati,male_personal_name,
1a58fcd5-ecc3-40b5-88c6-6ca29693c17c,ngänäm,1SG.ACC,
4e16725c-ff80-49bc-b1f3-aa75c90ebd09,n-ä-bädd-an,REC.SG|3PL`P-3NDU`P-kill-REC.1|3SG`S|A,
c0288989-42bb-4fbf-a4ab-b663af7cf136,d-o-wanseg,REM.TR-RT.EXT.INTR-put,
8bfdfb30-a28a-4eeb-b11d-225efc0183b0,Warama,male_personal_name,
b3d8bdf3-018b-4d90-90ff-714ec49527e2,käm,stomach,
38a45cb9-7807-432f-aee6-63e7bba8406a,n-ä-bädd-alle,REC.SG|3PL`P-3NDU`P-kill-REC.2SG`S|A,
200871de-503d-4d43-ae24-da9b4002f085,d-a-ngnoe-n-eyo,REM.TR-RT.EXT.TR-ask-NPFV-REM.3DU`S|NSG`A,
61569374-8e49-4e25-9df2-672d9958d3ac,a-itt-an,REC.INTR-catch-REC.1|3SG`S|A,
4a958a02-6992-44b9-846d-7e009fd0bbb3,Ttae,male_personal_name,
d007810b-f44d-43f9-82cb-fa6067f36868,ttoe,skin,
3d72b9f5-bea3-4f1c-86bd-c7c425babff9,b-ä-glle,FUT.1|3`S|A-3NDU`P-skin,
f4859471-4d68-479f-97f4-8ea73149fc69,d-ä-glle-wän,REM.TR-3NDU`P-skin-REM|FUT.3SG`S|A,
e0f9d6ce-39ac-4dc0-a865-6c0c5a1e775c,sap,separated,
e298cbad-0611-4413-b331-9cb2c9ff5edd,mäg,mother,
9764fa17-def2-480d-93a0-73ee624533da,ko,plant_term,
a2875c2e-b4df-408d-a2a9-c891b51aca21,d-ä-ttemän-än,REM.TR-3NDU`P-finish-REM|FUT.3SG`S|A,
7b452506-4e38-4c60-8f1f-09f86fa87622,ngämo,1SG.POSS,
57a76de1-826a-472a-8809-41ae2b5ccfbd,yae,mother,
f0d43409-6e64-4da8-a092-8f830c9d866b,Zanger,female_personal_name,
239ea733-24a0-4920-a64a-a4ac631119b7,mani,money,
8f4a79c1-0194-46dd-8352-aa0287f86dc1,mu,payment,
76ad66e9-87b5-4f8a-a622-1b8858676046,n-ä-gag,FUT.SG|3PL`P-3NDU`P-AUX.NPRS,
33914055-0efe-4d79-9aba-ce3750634a64,ddone,NEG,
8d6fde34-6f5d-43ac-a395-7c9187ef8de6,b-ä-ga,FUT.1|3`S|A-3NDU`P-AUX.NPRS,
1e495ee0-dbe3-4405-8f37-de602a9ff678,b-a-si-nig,FUT.1|3`S|A-RT.EXT.TR-give-SG>PL,
a3ef1b20-0be1-4510-92f0-17a29b1ad1dd,Sowati,male_personal_name,
e2a824ce-b82c-4fa5-a167-1bf7dd217f13,solt,salt,
32b05a2e-bde5-4966-a80f-b0437e703df6,ngänawa,1SG.NOM.emph,
567a40e7-e4a4-4d82-b249-6ee696249892,daru,,
69da8a57-5894-4318-9851-c3e1a98812e3,d-ony-än,REM.TR-carry-REM|FUT.3SG`S|A,
bee3c7f0-7f6f-4f5a-8d26-cb12c4f8af66,Joshua,male_personal_name,
758fa1fc-5627-411a-9eb0-c88142420a69,tu,loanword,
af3796fd-30ff-4d62-956a-23df28db9443,andred,loanword,
91541a75-6569-4d7c-9ff8-80defd15000f,d-ä-lläd-eyo,REM.TR-3NDU`P-grab-REM.3DU`S|NSG`A,
3020a848-e8b7-4a58-9bd7-c7cce6dbab67,oi,oh,
79ef222a-97ff-4ee7-8d1d-8c202a38296c,walle karama,Karama_swamp,
a12de4d8-239d-44ed-a6a7-c5b48ad45989,kla~kle,INFset,
c9bb1c67-f286-4b18-9b14-c86a29453825,mänmän,girls,
da5c4e2f-64b9-47ad-9a3e-b7218f9b722b,pollo,young,
0d1c810e-5f51-4510-a041-e0657e5eeb08,patt,body,
974c2f3a-5c89-4d7d-920c-76e2385d6ff2,anggan,AUX.PRS.3PL`S|1|3SG>PL,
c3dad2f7-4a56-4e43-9219-245022c8875a,ddob,other,
01ad8fe8-0acf-440c-9b36-06c0c13f3997,yunu,sleep,
fb6c7ef3-6723-4c77-92d2-265b354fff5c,tar-nen,sleep_with-I|II.PL,
8d6f4d4d-7284-4c32-9eae-7920641b8734,-nallo,-AUX.PRS.3NSG>1|2SG,
1276dbf7-94c6-44dd-84a9-23664f104c8d,kemibi,many,
04d4a656-bd18-462d-aa51-83162cad835f,ja,thing,
f3b9cfe6-546b-4b96-a66a-ab8d763cefec,walle,INS,
57025551-941e-4ea6-b35b-90db08028793,nyämaenyämae,surround,
25251975-4617-4257-962d-d1c604de50df,g-o-g,REM.INTR-RT.EXT.INTR-AUX.NPRS,
450fc3f9-edb9-4640-9932-9597572900cd,molle,scent,
8adda932-e330-4f8b-aafe-a7822023adcf,adako,like,
46933195-93a4-4fac-a8a3-172429d2279a,män,girl,
589035bd-bed4-419e-9a7b-658b81f3c1d6,duwar,young_girl,
011963eb-e361-4e5f-bf7d-8680f6fd3368,mollong,smelling,
e470c57d-0ad5-447a-80fb-7244ea88db42,anyan,,
ea14af9c-52ef-4b13-b276-959848c796f7,anggalle,AUX.PRS.2SG>PL,
00e6c0f5-7d3b-461e-a198-5a4c64f9b9f2,adame,this_is_why;_therefore,
35344cd0-eded-4a53-aaae-f8499e9eeabf,ngällbae-nen,wake-I|II.PL,
3cb233bf-739b-420e-827b-90e7c6eb2905,era,which,
6c8f4826-85c1-4211-a2fd-19571356d0fc,llɨtaem,arrive,
a938d63c-77d7-484c-b6b6-f9a5fd12b12e,eran,AUX.PRS.1|3SG>3SG,
5c52ed17-6279-4ca8-8cc0-f38bd99fa44d,popo,flower,
f9d66cb7-28fe-4797-9811-32d27a5f0809,darbä-nen,decorate-I|II.PL,
8bd7884c-1cf7-4c06-9a06-7c18cbbbe3bf,-alle,-AUX.PRS.2SG`S,
2db826b0-da04-4455-8ddc-62443406d34b,n-o-wattäll-an,REC.SG|3PL`P-3NDU`P-leave_alone-REC.1|3SG`S|A,
6affb2dc-e6b7-44eb-bf85-b62d7c0dfb82,mänyi,FUT,
61350d5e-a3a4-4102-b692-ad388eee2949,b-a-wengam-eya,FUT.1|3`S|A-RT.EXT.TR-forget-FUT.1DU`S|NSG`A,
17b86282-506f-4bff-b2a9-396abaacaee6,ttongo,unique,
9e56b597-ed28-4e47-b077-909497ead9e8,yowede,why,
40c41ac8-7019-42a9-b1fb-1f257a3083e6,g-o-nges-ne,REM.INTR-RT.EXT.INTR-make-DUR,
cd8b33e8-a977-4ad0-b14e-74927ce8b597,Adi,God,
9a7d7d11-1111-449b-a84c-6af810d1409a,mer,goodness,
9de5fafc-1b92-47ed-b960-df9571a85711,indrang,show,
6644c7e8-325c-4b63-bd22-b3d5711f1d3d,yebdo,day,
e28652d9-8ac2-4b87-b56d-5cbee9d75031,kanye~kanye,INFmove_around,
69ba28d4-7a7e-4354-94bc-1769d3ccbff3,g-o-täba,REM.INTR-RT.EXT.INTR-plan,
b593e391-71f8-4785-96a1-3a6076202b7c,Minkom,toponym,
10d7bf36-450d-4d99-ad93-037b9970965f,toboll,spear,
9dda77a7-0c44-487f-bad3-93e838f0571c,tos,torch,
113190c7-6385-476b-a6d6-a34c8be5301a,d-a-nserbe-neg,REM.TR-RT.EXT.TR-prepare-SG>PL,
06d1e878-5d8b-42af-b1b5-d3bffad211ae,g-o-ntämon,REM.INTR-RT.EXT.INTR-wait,
2e0f3d34-76da-43c7-941f-21b388952341,do,to,
01941431-fb2e-4b46-a6f8-455637042df8,g-o-kla-wän,REM.INTR-RT.EXT.INTR-set-REM.3SG`S,
1b8c0472-ddfc-4404-b910-6a2e19a72bd2,dam,then,
d3dd9eeb-0ecd-4059-b024-bef72653dff2,g-o-ngk-am,REM.INTR-RT.EXT.INTR-start-IV.NPL,
15e81069-e50a-4325-808a-ac121f3c0677,Eramang,toponym,
60e2e236-df18-4fe1-a264-7b8f8a774f4b,d-o-ngkollmäll,REM.TR-3NDU`P-follow,
e7d9a22e-3597-411a-be84-215b8a162b24,Togllaema,toponym,
a12d948f-2be4-4dce-8106-e6e443bfab95,Minkom,,
43a92bf0-a96d-4ecf-a522-6427352efcf3,g-o-ngkäz,REM.INTR-RT.EXT.INTR-go_aside,
cf489a46-71eb-44b1-8a2c-323c074b8398,Tawabo,toponym,
70ff6d69-4bdd-4b33-ab0f-bd77e0d87f3a,enddäna,clearing,
faab0115-d28a-4aa7-973a-07e8a2c48613,ngättäma,place,
68a9f414-a4da-4e69-b54d-973224be1f38,g-o-dmen,REM.INTR-RT.EXT.INTR-sit,
42fa9dec-0f05-488f-b2a8-5d830d3279da,d-ä-gazen,REM.TR-3NDU`P-take_out,
01a721a7-d962-4801-9a80-248f0ac56b85,att,ABL,
530e1aaa-2bb9-4095-92ff-3261abce61b0,batri,battery,
f40d42be-45db-45fa-a5d8-3066591850a5,käp,fruit,
e1e8955c-3782-4d8c-8774-6a5a07966940,d-a-zer,REM.TR-RT.EXT.TR-put_in,
9f185c8a-588d-4441-a66a-4f48f1df3e36,d-a-erängg,REM.TR-RT.EXT.TR-test,
2bfb1b58-a87c-4a66-a6d3-a5dcf02b234d,g-o-gllae-yän,REM.INTR-RT.EXT.INTR-shine-REM.3SG`S,
24fbe4b1-e388-4920-9ebc-106624e9de0f,Dubolläplläp,toponym,
b019225a-c184-441a-92ce-cf1bc99f360a,ddäddäg,edible animal,
689c6dbf-1345-416c-b99b-db29773b7dd9,d-a-ngerängg,REM.TR-RT.EXT.TR-meet_someone,
9a153ea7-ff4d-48e1-839d-e1e39159c729,Ur,toponym,
90b0e714-edb1-42be-a8bb-29ecb182287a,kullkull,grass_fire,
b424ad23-2ce2-40c2-b122-04262876179f,ddia,deer,
d3ac94da-b532-4e35-8d27-b7cf40a2bee2,d-ä-lläd,REM.TR-3NDU`P-grab,
76908579-5322-4a33-a0c7-13125298559d,kälepalle,slow,
4802b188-2220-48ac-8f2f-c7d01d1e1769,d-a-nyäroe-ne,REM.TR-RT.EXT.TR-creep-NPFV,
b565965a-485c-4be1-a522-58da81b57503,mäse,IMN,
4581f898-0ddb-45d4-948f-52ed22acc43a,d-ä-ga,REM.TR-3NDU`P-AUX.NPRS,
4a1c3567-c8f8-4967-81e2-a25f879e316f,d-indug-än,REM.TR-run-REM|FUT.3SG`S|A,
2f53b022-82d1-4e28-b07a-41a20b9c83e5,d-ä-gabäll-än,REM.TR-3NDU`P-stand-REM|FUT.3SG`S|A,
60c185ea-d8c6-46d8-ad64-07acf80dc000,d-a-nyäroe,REM.TR-RT.EXT.TR-creep,
84fd457a-e688-4444-9dd6-5df871b16840,b-indug-än,FUT.1|3`S|A-run-REM|FUT.3SG`S|A,
c9246a7b-d6f9-4960-8726-bd33f84258df,eka,INS,
61ddae6b-88ab-4b26-bf18-21e3e4305825,manglle,trap,
e161f123-64fd-4d97-848e-ff5f78314c35,d-a-zu,REM.TR-RT.EXT.TR-shoot,
fbc09eb0-45f6-41b3-9603-fa547bd576b6,pakos,arrow,
317cd11b-0be4-46f2-b7a6-c8de7083c2e7,ulle,long,
a5cbcc85-6430-4f7a-8eba-ec259f403de1,d-ey-a-nttäkeg,REM.TR-DU|1PL|2PL`P-RT.EXT.TR-break,
ac66c14d-17b3-4be9-b63d-51db66f41132,pintta,bird_type,
7ea3a9fe-34cb-436e-b1b7-44a32508a23a,arle,scream,
41f72725-af29-42fd-97f2-41ff76a419c8,wap,stick,
fa89c1fe-a4a7-4fbe-a7c1-8db6290688bf,tumku,back_of_skull,
c9627ce9-17fb-4e46-916b-7203473ffabb,d-ä-s-än,REM.TR-3NDU`P-extinguish-REM|FUT.3SG`S|A,
eca55764-7892-4a25-94a2-793aa242bd0c,kuddäll,death,
289e1306-f8e2-422d-85fc-2e694ce11aee,diba,that,
306f2091-10b9-4c4f-861d-caa316cd982f,ngonongg,remember,
15f85bce-487b-4037-8325-70f5540a87bd,d-a-nges,REM.TR-RT.EXT.TR-,
e52b1a4e-d7d6-45d1-8e39-0b6d91c65fc0,Adilla,Godman,
5cf67e24-8445-430b-980a-0fc08f0c52ad,Godd,God,
94f7d0e2-4c00-4d95-b4d2-d4f6f919ce15,mit,,
345c061b-bc1c-4a42-b93d-2e2bbe849ba7,d-a-ngmingg-än,REM.TR-RT.EXT.TR-help-REM|FUT.3SG`S|A,
0a673fce-ac8e-4013-8cdf-f05ff782005a,ewe,,
ea9ac93a-46a6-40c6-a529-3be11335d6a5,d-a-wes,REM.TR-RT.EXT.TR-beg,
55316dbe-a016-4bad-899c-cede02f30de7,ikopse,prayer,
ae9858ad-7e80-4ae7-9616-2d5325687135,d-owanseg,REM.TR-leave_alone,
4d57dfea-ad41-41d8-b932-4b472003b008,d-ey-a-r-ne,REM.TR-VEN-RT.EXT.TR-go-NPFV,
283b3e0d-1af1-4cd9-8134-ac86a30469f9,kame,again,
80e5dcbe-101e-4350-9d9b-f64111c97ae1,indrang,light,
3524ec7c-5c3a-440f-af22-eb65c3fc1680,kollmäll,follow,
689d9846-2ba2-434e-a465-306d94fa4fca,-nallan,-AUX.PRS.1|3SG>1|2SG,
d22e4f6e-95c9-4b6f-a11c-425f7d237f23,pälkom,goosebumps,
511f09d4-460b-4bdb-9543-bea4a3a4f13f,guireon,,
bfeca382-2314-4753-8f9e-27c4e360ade9,g-o-ngllae,REM.INTR-RT.EXT.INTR-look_back,
9abc3e17-c3dc-4008-98be-7008fbecba26,g-o-gllae-yän,REM.INTR-RT.EXT.INTR-shine-REM|FUT.3SG`S|A,
9e4abeba-228a-4e7a-8517-5fa3c3f5e4a9,d-ɨ-s,REM.TR-3NDU`P-extinguish,
ed0fb153-54dc-4591-9f3e-e7f253af98f0,dindu,run,
ecbc0e7d-4637-4514-87d1-d540a5505518,sirem,darkness,
9d7c1d32-42d4-42e1-931d-05492cf343e9,kusi,,
0555f6eb-6da4-4722-a764-2b8f24849dae,tikop,heart,
1921480c-aff6-434a-a4a7-a14dfeb18702,b-ä-gazen-eyo,FUT.1|3`S|A-3NDU`P-take_out-FUT.2|3DU`S|NSG`A,
b2958b40-6416-4668-a70e-a9411c219e3a,umllang,know,
0c35cb6b-324e-4c44-bd8b-ad4a89903228,lel,fear,
c0ec17ed-6b22-45e2-9620-68b7a898e90c,ngällangälla-eng,,
0b0f73eb-1972-43ef-83e4-32752218ab68,g-o-ngttä-g,REM.INTR-RT.EXT.INTR-arrive-III.NPL,
86df8d7b-b80d-45b5-84ef-ba78cb78af94,ttättle,straight,
d34b7d20-f836-4b2f-ab47-85e73589d77c,g-otar,REM.INTR-sleep,
e9fb80c4-a1be-4660-94f1-53e95786c83e,d-ä-bd-ab-än,REM.TR-RT.EXT.INTR-dawn-IV.NPL-REM|FUT.3SG`S|A,
728234b2-318a-4dea-84dc-09aa7b0e0931,ddobag,others,
abira-3nsg-dat,=abira,3NSG.DAT,
1a16bbab-c167-4493-b1be-95de1f7999e4,d-ä-llät-ne,REM.TR-3NDU`P-tell-NPFV,
c1b707e8-5b3c-4e99-b838-df6bc9c9572c,g-o-tngoe-neg-n-än,REM.INTR-RT.EXT.INTR-laugh-3PL`S-NPFV-REM|FUT.3SG`S|A,
6af9094a-dcc6-4a78-8e58-74aac75340b9,ag,morning,
alle-abl,=alle,ABL,
efc07618-19e2-4898-b998-e0d680efd5c8,d-okongkom,REM.TR-take.PL,
edbb89a0-29f4-4e57-994d-f10dbd88283b,bäny~bäny,INFcut,
8682e6cf-6310-4160-b00f-8141d5167807,gänya,here,
911bb67e-ddef-4ae5-91e5-7324c9ee6e16,Samson,person_name,
1b2e055b-9410-49ed-9ee5-037d530be873,Wawase,Wawase,
956294f5-a9b1-4e02-80dd-1f2d4cc66272,Matthew,,
0a33683a-ee96-48d5-906a-f7ac5ff5701f,Pedro,Pedro,
a622dfc7-1958-469b-a140-2b856dbbdc37,d-ä-bäny-ya,REM.TR-3NDU`P-cut-REM.1|2DU`S|NSG`A,
cee88f30-6bfe-4ebc-8ccf-0799b50c80d1,d-i-kom-ya,REM.TR-VEN-carry-REM.1|2DU`S|NSG`A,
90960ada-1d3b-4d44-b835-f2485a451951,ngäma,1NSG.EXCL.POSS,
5eb942c1-85bc-4b4f-a729-4473a0a09f7b,sespen,boil,
e5863f49-2164-4144-8711-36b8470211bc,d-ä-ga-yaeb-eya,REM.TR-3NDU`P-AUX.NPRS-NSG>PL-REM.1|2DU`S|NSG`A,
0ae7b7ea-b852-4b1a-b256-2ba2c627917d,d-ä-ddäg-aeb-eya,REM.TR-3NDU`P-eat-NSG>PL-REM.1|2DU`S|NSG`A,
c503383e-1362-4a4a-bc02-2175a67f5b96,Iräm ine,toponym,
072b2b99-4024-4df6-8cb4-f35d9872ac0c,dämen,sit,
c354c42c-69ec-4f5c-9c70-62bc29866edf,kädkäd,cold,
38319204-b0a6-4272-b96d-77ff34dca647,yorkoll,dirt,
17430f6b-186b-4058-979f-c5396b200cc1,penz,clean,
ec68018f-88e3-409b-b0d9-c683a8439506,ttängäm,village,
4682c169-dd69-4c62-a78d-07869824538e,aba,3NSG.POSS,
ea87edc7-5189-4ca7-bc53-d8721b470198,ddonddo,proud,
7d471970-be52-4410-bfdf-d26afad477ee,-nallo,-AUX.PRS.3NSG>1|2SG,
32cc11f4-6d8b-4ed1-b87f-d64d287237c5,eka,word,
9352454c-ad2f-458e-8469-f7f015204f8c,ingoll,like,
2ee4642d-cdc8-4a57-ae4f-e4d446d5c925,geyako,,
ba58a603-1f83-4f9f-b3cc-d0cc936084ea,ngase,,
f8805ea2-8689-44ef-8286-52def5bfca2f,iba,1NSG.INCL.POSS,
c4efe028-f69b-4a6a-b8e7-18999a463a16,b-o-g-alle,FUT.1|3`S|A-RT.EXT.INTR-AUX.NPRS-IRR.SG`S|A,
03fc82b9-5468-4654-907f-2a7a45a613e2,kädkäd,cold,
20c18658-675c-4a10-84c6-9742116ec010,iräm,,
f40e9455-f162-4387-aaec-a8feed4d5113,gänya,here,
788f56c7-6703-4d4b-8b2b-8206c4cf9edc,käma,maybe,
eebfd7e9-fa9d-4cf9-a1ae-f46a0e97b539,b-a-tram-än,FUT.1|3`S|A-RT.EXT.TR-lead-REM|FUT.3SG`S|A,
302773eb-0c50-45c0-a15f-8e9e6f971814,ttongo,another,
fddf6924-fa49-4938-8f81-e2f52c6159e4,bäl-nan,remember-I|II.PL,
a3ba847f-bc50-4eff-a0f8-d35942aa2f22,utale,far,
e61d224e-f138-488b-a485-4295262979c9,baddbedd,PRIV,
0878c1d9-a510-49ed-a46f-61cf1fe477a5,yorkoll,dirt,
bf43262e-6ecd-4afd-8b4b-2cb9bfdbd82f,kädkädag,cold,
0cd9effe-ea16-496f-a9fb-9128af90a85d,umllang eka,summary,
c3db5655-1004-4f69-ba6d-56c4c8683482,dade,EXIST,
e365c308-4c29-4d25-b2da-8f7e42a2e0eb,a-ngkäbäg,FUT.INTR.2S-dive,
c6912e5a-0db0-411b-9182-70ff207100ba,umllangag,knowledge,
f1d76cd9-af95-4235-8a18-0004f45cf039,Keti,KT,
cb780729-497a-4380-96d6-02fa875209ad,d-ä-täbe-eyo,REM.TR-3NDU`P-plan-REM.NSG`A,
4b9d3c6e-07ac-4949-9140-939230c2996f,Wur,toponym,
57837163-67be-4d0f-9305-e50fa2a1a26e,mamoe,hunt,
2feebf39-7333-4fdb-99d2-5caa15e9d6db,d-ä-nglläb,REM.TR-3NDU`P-get,
2d75a779-bdcd-45e8-a137-fdc4f476b50c,di,ACC,
75d83d72-d202-4f8e-a466-2d9a6a88eb52,Imanuel,Imanuel,
77bb9621-9e9e-4ee4-88b2-1699bb2a61d8,mit~mit,INFmiss,
87bd1c24-2d0b-46d0-848e-52afc43882bd,d-a-g-än,REM.TR-RT.EXT.TR-AUX.NPRS-REM.3SG`A,
646bef73-4f25-40dc-a16c-2d221875c978,llɨg,child,
d81f15db-a68b-4bea-bfa2-30ebeb53aa96,meda,father,
bim-3nsg-acc,=bim,3NSG.ACC,
9e89b938-fb89-46ae-902c-1e0a34231159,amallo,AUX.PRS.3NSG>PL,
8991b654-baf2-407e-8bb7-5de1233245ac,medä,father,
135694c9-0e32-40d4-9668-eee538771a1c,g-o-pällttän-alle,REM.INTR-RT.EXT.INTR-start_walking-IRR.SG`S,
7a236c69-21bd-49f9-8fbf-7e84b3021b52,b-ä-ga-n-än,FUT.3`A-3NDU`P-AUX.NPRS-NPFV-FUT.3SG`A,
c0e16861-4ade-4d14-816c-559b2bd52687,ngänaeka,tears,
6e773b41-696b-49df-9910-00a23fbad02a,d-ä-tram,REM.TR-3NDU`P-carry,
1012ad86-c65f-4016-a8bd-933d955e6531,ngämi,1NSG.EXCL.NOM,
7c8d7bd1-877e-41c9-a0c7-8bd6c0cd88a5,mamoe,hunt,
069e19f6-7e55-4983-9d0e-e07706b96cb8,g-o-dagal-eya,REM.INTR-RT.EXT.INTR-board-REM.1DU`S,
058830df-5136-41a9-960f-0c3a26e03777,imne,back,
ebf68ec3-1655-4606-b644-93e7f56c786e,g-o-dm-en-än,REM.INTR-RT.EXT.INTR-sit-II.NPL-REM.3SG`S,
e400e698-19e5-449b-bab8-1065ad095304,guwo,heart,
8fc90955-2dd4-4a47-8a4e-7063d340e66d,bobag,flooded,
819c3429-da8b-4a5c-98be-77a5c85f7958,Karama,toponym,
9f4ab554-2dcd-4b73-95e2-e06ba720c671,yogoll,rain,
d5f6361f-82d2-4e3f-8d6f-41e196c9bf90,d-ä-ma-n-än,REM.TR-RT.EXT.INTR-rain-NPFV-REM.3SG`A,
30d0fbf2-9255-41a8-8176-a2b83360ce61,d-a-gllae-n-alla,REM.TR-RT.EXT.TR-paddle-NPFV-REM.1DU`S,
f6bd6892-38ab-4b7e-9c86-12c9ff0832b8,d-ey-a-gir-n-alla,REM.TR-DU`S-RT.EXT.TR-stay-NPFV-REC.1DU`S,
698f4588-9859-4acb-b364-e2c427a00d93,g-o-ngllae-n-alla,REM.INTR-RT.EXT.INTR-look_back-NPFV-REC.1DU`S,
22a0aa4a-7d9c-465b-affb-e74ab83b38ce,mamoe,hunt,
83edb3ef-eabe-4afe-a9e4-cb113bff0633,mae-nen,hunt-I|II.PL,
63a11f89-1009-4eaa-b2c8-046463e499b9,d-a-ddällgoe-n-eyo,REM.TR-RT.EXT.TR-bush_hike-NPFV-REM.NSG`A,
6ed186be-acdf-43ab-bb9a-6ae0f9cf7e64,tonton,directly,
7b4a93c9-44ad-408e-a50b-519bcd6a033f,d-ey-a-ngkoenmäll-n-eyo,REM.TR-DU`P-RT.EXT.TR-chase-NPFV-REM.NSG`A,
1ddea34a-a4be-4d73-b037-6aeb723676af,Taolang,toponym,
836381bb-b2df-461d-9b58-eebbd00c6838,d-a-gllae,REM.TR-RT.EXT.TR-paddle,
59d2f72e-75a6-4121-8a24-fa0d5137e53c,g-u-mbiebmeny,REM.INTR-RT.EXT.INTR-chase_after,
84f62c37-acab-40c4-99c4-45e2fd332da5,gullbe,male,
ccab5910-cdf8-416f-8447-9a9a2039b463,täkäll,horn,
095782e0-a2e7-41d7-9816-7af75da70b7c,mäg,mother,
9a9a757a-8561-4621-b720-5ca7e6acaed6,gagäll,bad,
8e016f34-c503-486b-ac74-0cc8239eda9b,kabag,grass_type,
7fddf06a-28f6-4ffc-a621-e52da5c84797,ngämenmäll,take_off,
bc2f2815-3f83-4a2c-8465-f194d67606eb,känyärtto,silent,
4e2b8a01-6e6e-4182-a502-f051a9646b2f,d-ey-a-ngmen-eya,REM.TR-DU`P-RT.EXT.TR-reach-REM.1NSG`A,
1fbde5c6-5bc2-4d4c-8243-d6d600468c7d,llɨg,son,
3e2b54d8-0e7f-4f91-b0b3-356877b53345,d-a-ngnoe,REM.TR-RT.EXT.TR-ask,
fb8eb8ad-506d-4e25-b9a4-922144079331,yaralle,AUX.PRS.2SG>DU,
257f93d7-409c-44a1-ba4b-f20c347e9c1f,baba,father,
aac7ab86-7f06-45cc-aed0-a50709f7ee04,gänya,here,
8e047df9-8146-4846-b180-69cd58d4c359,n-a-zu,FUT.SG`P-RT.EXT.TR-shoot,
cb994072-483d-4f65-a8fd-d903e08d6675,gäb-än,-II.NPL,
9b0f6f05-1edf-4f03-9f29-4737db70602c,llädäd,grab,
5955db99-bf4e-4bec-bae3-44e7d5018867,g-o-gäb-än,REM.INTR-RT.EXT.INTR-II.NPL,
39d9a52e-04bc-4d79-9a89-d06d3fc32970,mäse,CON,
7771c0ce-9381-4a42-9c3e-8ef040d9780c,d-ä-ngk-am,REM.TR-3NDU`P-start-IV.NPL,
266ff6f1-a03f-40f6-892d-214e8320a3f0,g-o-ngnongg,REM.INTR-RT.EXT.INTR-think,
70bb721e-4dc1-4714-82dc-ad73078e2438,poper,scare,
5ed2f3e2-3021-4faa-8315-f04fd1af0692,d-ä-mbäl,REM.TR-3NDU`P-,
1a7daa49-c302-4856-8c19-051ba6c36061,zäme,IAM,
6eded9a0-3484-47e4-a172-2a950326fb89,a-spu-n-an,REC.INTR-throw-II.NPL-REC.3SG`S,
3bb39872-a806-4416-b6a0-0d8853a45be2,ddänddängeny,immediately,
2fe6a4e2-7a32-40a3-99ec-4143350d1583,g-o-gäb-än,REM.INTR-RT.EXT.INTR-jump-II.NPL,
a5ba59f4-f2af-4fec-a73d-57de825d112f,dade,EXIST,
waeya-cop-pst-sg,=waeya,COP.PST.SG,
3da39bd7-f784-4e84-9f39-233e2c3e2f1e,d-a-ger-n-än,REM.TR-RT.EXT.INTR-stay-NPFV-REM.3SG`S,
90a7d9fc-d445-47e3-86b3-924226cc3673,d-ä-tr-aem-än-än,REM.TR-3NDU`P-carry-IV.PL-NPFV-REM|FUT.3SG`S|A,
5499f73b-fe09-409f-bd41-93d092d04cff,d-ä-ngglla-n-än,REM.TR-RT.EXT.INTR-swim-NPFV-REM.3SG`A,
16decb66-99e7-4f45-a5f0-9f3d3bee8786,g-o-ngäs,REM.INTR-RT.EXT.INTR-return,
3611d438-811c-4336-9375-a3860cbee237,g-o-dagal,REM.INTR-RT.EXT.INTR-board,
20c284bb-742c-4201-bffe-e2ee4e953de6,d-a-ngnoe-yän,REM.TR-RT.EXT.TR-ask-REM.3SG`A,
48a2ac03-9914-4014-84fe-f7267cb53d1d,ttam,alive,
5b3af6e5-2440-45a1-8cf1-228fa2b3a15e,a-g-an,REC.INTR-AUX.NPRS-REC.3SG`S,
e05c399f-311c-4808-94c3-d7f8a1185654,a-spun-alle,REC.INTR-fall-REC.2SG`S,
3f00d5bd-0a7c-4e0d-99f8-0b3eb303e84f,ullowae,fast,
87ceb207-c2eb-4fdc-ad4c-af932bfa52e8,a-ngnongg-an,REC.INTR-think-REC.1SG`S,
91fecc0d-bc33-4e62-a21b-e8fb24d3977c,kälsäre,small,
58d226f1-70ac-41be-b752-179bffbaedd6,y-a-r-alle,VEN-RT.EXT.TR-go-REC.2SG`A,
cc25b1f4-d976-42bf-8082-b4946ae266ad,g-o-gllae-eya,REM.INTR-RT.EXT.INTR-paddle-REM.1|2DU`S|NSG`A,
afa6c9a4-666f-4954-8630-974450204435,d-o-wanseg-eya,REM.TR-3NDU`P-leave_alone-REM.1NSG`A,
f8ce5200-4405-4a44-996c-88a5afc0ba07,ngämaene,1NSG.EXCL.ABL.POSS,
21750893-3d77-485b-a933-1cdd8d42741d,koenmäll,chase,
e1470b6c-9e54-4261-8d5a-52154b5c161f,eka,story,
582e631e-9f1e-478f-be00-f14e60bbdc8e,d-ɨ-llɨt-n-än,REM.TR-3NDU`P-tell-NPFV-REM.3SG`A,
5028d058-86e7-4892-ae21-1e1bdd4bf277,kili,joy,
c74b800d-3981-4041-9be6-bd4f48303b31,llɨt~ɨt,tellINF,
35a2e687-9db0-4844-a288-b9a89925cd36,umllang,knowledge,
16fd7d18-ca51-4379-8dd4-b512e5bdc150,aba,3NSG.POSS,
4b6e3a1e-aba4-4c6d-b2a7-223d285c5234,mäde,father,
1fb013d2-8957-47ca-875f-6d24cb8e69e8,b-a-nges-n-eyo,FUT.3`A-RT.EXT.TR-do-NPFV-FUT.NSG`A,
d09583ea-4cac-4815-a906-f874b2146ede,b-ɨ-llɨt-n-än,FUT.1|3`S|A-3NDU`P-tell-NPFV-REM|FUT.3SG`S|A,
e349ebf1-14ab-469f-adbd-f4640a9fa9d0,obaene,3NSG.ABL.POSS,
